Resistance ,Current ,Voltage ,Time,timestamp,relative humidity [%RH],temperature [degC]
1557879,3168,256,13:31:16,2023-11-29T13:31:16.846,64.85,21.44
1557866,3169,256,13:31:17,2023-11-29T13:31:17.853,64.85,21.48
1557799,3170,256,13:31:19,2023-11-29T13:31:19.847,65.33,21.44
1557984,3171,256,13:31:20,2023-11-29T13:31:20.842,64.85,21.44
1557944,3173,256,13:31:21,2023-11-29T13:31:21.840,64.85,21.44
1558061,3174,256,13:31:22,2023-11-29T13:31:22.845,65.33,21.44
1557943,3175,256,13:31:23,2023-11-29T13:31:23.839,65.33,21.48
1558231,3176,256,13:31:25,2023-11-29T13:31:24.837,65.33,21.48
1558324,3177,256,13:31:26,2023-11-29T13:31:25.839,65.33,21.44
1558454,3178,256,13:31:27,2023-11-29T13:31:26.837,65.33,21.48
1558441,3180,256,13:31:28,2023-11-29T13:31:27.836,65.33,21.44
1558479,3181,256,13:31:29,2023-11-29T13:31:28.832,64.85,21.48
1558741,3182,256,13:31:31,2023-11-29T13:31:29.834,64.85,21.44
1558782,3183,256,13:31:32,2023-11-29T13:31:30.827,64.85,21.48
1559042,3184,256,13:31:33,2023-11-29T13:31:31.826,64.85,21.48
1559304,3186,256,13:31:34,2023-11-29T13:31:32.821,64.85,21.44
1559369,3187,256,13:31:35,2023-11-29T13:31:33.820,64.85,21.48
1559512,3188,256,13:31:37,2023-11-29T13:31:34.828,64.85,21.44
1559656,3189,256,13:31:38,2023-11-29T13:31:35.816,64.85,21.48
1559866,3190,256,13:31:39,2023-11-29T13:31:36.817,64.85,21.48
1559983,3192,256,13:31:40,2023-11-29T13:31:37.814,64.85,21.44
1560206,3193,256,13:31:41,2023-11-29T13:31:38.821,64.85,21.44
1560348,3194,256,13:31:43,2023-11-29T13:31:39.813,64.37,21.44
1560663,3195,256,13:31:44,2023-11-29T13:31:40.816,64.85,21.44
1560767,3196,256,13:31:45,2023-11-29T13:31:41.808,64.37,21.48
1561069,3198,256,13:31:46,2023-11-29T13:31:42.815,64.37,21.48
1561291,3199,256,13:31:47,2023-11-29T13:31:43.810,64.37,21.44
1561658,3200,256,13:31:49,2023-11-29T13:31:44.812,64.37,21.44
1561842,3201,256,13:31:50,2023-11-29T13:31:45.802,64.37,21.44
1561891,3202,256,13:31:51,2023-11-29T13:31:46.804,63.89,21.48
1562259,3204,256,13:31:52,2023-11-29T13:31:47.797,63.88,21.44
1562480,3205,256,13:31:53,2023-11-29T13:31:48.802,63.88,21.44
1562768,3206,256,13:31:55,2023-11-29T13:31:49.803,63.89,21.48
1562953,3207,256,13:31:56,2023-11-29T13:31:50.803,63.88,21.44
1563279,3208,256,13:31:57,2023-11-29T13:31:51.795,63.89,21.48
1563463,3210,256,13:31:58,2023-11-29T13:31:52.799,63.4,21.44
1563724,3211,256,13:31:59,2023-11-29T13:31:53.793,63.4,21.44
1564182,3212,256,13:32:01,2023-11-29T13:31:54.824,63.4,21.44
1564246,3213,256,13:32:02,2023-11-29T13:31:55.787,63.41,21.48
1564626,3214,256,13:32:03,2023-11-29T13:31:56.789,63.4,21.44
1564782,3216,256,13:32:04,2023-11-29T13:31:57.787,62.93,21.48
1565057,3217,256,13:32:05,2023-11-29T13:31:58.788,62.92,21.44
1565346,3218,256,13:32:07,2023-11-29T13:31:59.788,62.93,21.48
1565804,3219,256,13:32:08,2023-11-29T13:32:00.784,62.92,21.44
1565907,3220,256,13:32:09,2023-11-29T13:32:01.781,62.92,21.44
1566196,3222,256,13:32:10,2023-11-29T13:32:02.779,62.92,21.44
1566443,3223,256,13:32:11,2023-11-29T13:32:03.777,62.44,21.44
1566824,3224,256,13:32:13,2023-11-29T13:32:04.783,62.44,21.44
1567030,3225,256,13:32:14,2023-11-29T13:32:05.775,62.44,21.44
1567334,3226,256,13:32:15,2023-11-29T13:32:06.770,62.44,21.44
1567543,3227,256,13:32:16,2023-11-29T13:32:07.768,62.44,21.44
1567804,3229,256,13:32:17,2023-11-29T13:32:08.774,61.96,21.48
1567987,3230,256,13:32:19,2023-11-29T13:32:09.767,61.96,21.48
1568155,3231,256,13:32:20,2023-11-29T13:32:10.788,61.95,21.44
1568733,3232,256,13:32:21,2023-11-29T13:32:11.770,61.95,21.44
1569020,3233,256,13:32:22,2023-11-29T13:32:12.766,61.95,21.44
1569347,3235,256,13:32:23,2023-11-29T13:32:13.758,61.47,21.44
1569530,3236,256,13:32:25,2023-11-29T13:32:14.760,61.47,21.44
1569947,3237,256,13:32:26,2023-11-29T13:32:15.756,61.47,21.44
1570393,3238,256,13:32:27,2023-11-29T13:32:16.782,61.47,21.44
1570628,3239,256,13:32:28,2023-11-29T13:32:17.752,61.47,21.44
1570943,3241,256,13:32:29,2023-11-29T13:32:18.753,61.47,21.48
1571270,3242,256,13:32:31,2023-11-29T13:32:19.757,60.98,21.44
1571622,3243,256,13:32:32,2023-11-29T13:32:20.753,60.98,21.44
1572042,3244,256,13:32:33,2023-11-29T13:32:21.749,60.98,21.44
1572421,3245,256,13:32:34,2023-11-29T13:32:22.751,60.98,21.44
1572602,3247,256,13:32:35,2023-11-29T13:32:23.742,60.98,21.44
1573008,3248,256,13:32:37,2023-11-29T13:32:24.750,60.5,21.44
1573348,3249,256,13:32:38,2023-11-29T13:32:25.747,60.5,21.44
1573754,3250,256,13:32:39,2023-11-29T13:32:26.738,60.5,21.44
1573937,3251,256,13:32:40,2023-11-29T13:32:27.756,60.5,21.44
1574381,3253,256,13:32:41,2023-11-29T13:32:28.744,60.5,21.44
1574695,3254,256,13:32:43,2023-11-29T13:32:29.736,60.01,21.44
1575061,3255,256,13:32:44,2023-11-29T13:32:30.734,60.01,21.44
1575612,3256,256,13:32:45,2023-11-29T13:32:31.730,60.01,21.44
1575872,3257,256,13:32:46,2023-11-29T13:32:32.737,60.01,21.48
1576212,3259,256,13:32:47,2023-11-29T13:32:33.734,60.01,21.48
1576460,3260,256,13:32:49,2023-11-29T13:32:34.728,59.52,21.44
1576958,3261,256,13:32:50,2023-11-29T13:32:35.732,59.52,21.44
1577311,3262,256,13:32:51,2023-11-29T13:32:36.722,59.53,21.48
1577637,3263,256,13:32:52,2023-11-29T13:32:37.728,59.53,21.48
1578017,3265,256,13:32:53,2023-11-29T13:32:38.718,59.52,21.44
1578423,3266,256,13:32:55,2023-11-29T13:32:39.720,59.03,21.44
1578684,3267,256,13:32:56,2023-11-29T13:32:40.720,59.04,21.48
1579115,3268,256,13:32:57,2023-11-29T13:32:41.713,59.04,21.48
1579561,3269,256,13:32:58,2023-11-29T13:32:42.715,59.03,21.44
1580032,3271,256,13:32:59,2023-11-29T13:32:43.713,58.55,21.48
1580319,3272,256,13:33:01,2023-11-29T13:32:44.709,58.54,21.44
1580594,3273,256,13:33:02,2023-11-29T13:32:45.713,58.55,21.48
1581090,3274,256,13:33:03,2023-11-29T13:32:46.716,58.55,21.48
1581325,3275,256,13:33:04,2023-11-29T13:32:47.713,58.05,21.44
1581599,3277,256,13:33:05,2023-11-29T13:32:48.706,58.06,21.48
1582228,3278,256,13:33:07,2023-11-29T13:32:49.709,58.06,21.48
1582700,3279,256,13:33:08,2023-11-29T13:32:50.702,58.06,21.48
1582828,3280,256,13:33:09,2023-11-29T13:32:51.707,58.05,21.44
1583222,3281,256,13:33:10,2023-11-29T13:32:52.703,58.06,21.48
1583627,3282,256,13:33:11,2023-11-29T13:32:53.700,57.56,21.48
1584112,3284,256,13:33:13,2023-11-29T13:32:54.695,57.56,21.48
1584372,3285,256,13:33:14,2023-11-29T13:32:55.698,57.56,21.44
1584948,3286,256,13:33:15,2023-11-29T13:32:56.698,57.56,21.48
1585145,3287,256,13:33:16,2023-11-29T13:32:57.694,57.07,21.48
1585615,3288,256,13:33:17,2023-11-29T13:32:58.692,57.07,21.48
1585876,3290,256,13:33:19,2023-11-29T13:32:59.691,57.07,21.48
1586348,3291,256,13:33:20,2023-11-29T13:33:00.691,57.07,21.44
1586741,3292,256,13:33:21,2023-11-29T13:33:01.686,57.07,21.48
1587080,3293,256,13:33:22,2023-11-29T13:33:02.684,57.07,21.48
1587393,3294,256,13:33:23,2023-11-29T13:33:03.688,56.58,21.48
1587918,3296,256,13:33:25,2023-11-29T13:33:04.680,56.58,21.48
1588282,3297,256,13:33:26,2023-11-29T13:33:05.682,56.58,21.48
1588701,3298,256,13:33:27,2023-11-29T13:33:06.675,56.58,21.48
1588923,3299,256,13:33:28,2023-11-29T13:33:07.680,56.08,21.48
1589448,3300,256,13:33:29,2023-11-29T13:33:08.680,56.08,21.48
1589629,3302,256,13:33:31,2023-11-29T13:33:09.679,56.08,21.48
1590258,3303,256,13:33:32,2023-11-29T13:33:10.675,56.08,21.48
1590505,3304,256,13:33:33,2023-11-29T13:33:11.676,56.08,21.48
1590871,3305,256,13:33:34,2023-11-29T13:33:12.667,56.08,21.48
1591290,3306,256,13:33:35,2023-11-29T13:33:13.671,55.6,21.52
1591591,3308,256,13:33:37,2023-11-29T13:33:14.668,55.59,21.48
1592155,3309,256,13:33:38,2023-11-29T13:33:15.669,55.59,21.48
1592455,3310,256,13:33:39,2023-11-29T13:33:16.667,55.59,21.48
1592834,3311,256,13:33:40,2023-11-29T13:33:17.662,55.59,21.48
1593174,3312,256,13:33:41,2023-11-29T13:33:18.657,55.09,21.48
1593579,3314,256,13:33:43,2023-11-29T13:33:19.657,55.09,21.48
1594089,3315,256,13:33:44,2023-11-29T13:33:20.662,55.09,21.48
1594430,3316,256,13:33:45,2023-11-29T13:33:21.658,55.09,21.48
1594742,3317,256,13:33:46,2023-11-29T13:33:22.650,55.09,21.48
1595227,3318,256,13:33:48,2023-11-29T13:33:23.650,54.6,21.52
1595554,3320,256,13:33:49,2023-11-29T13:33:24.653,55.09,21.48
1596012,3321,256,13:33:50,2023-11-29T13:33:25.649,54.6,21.48
1596351,3322,256,13:33:51,2023-11-29T13:33:26.646,54.6,21.48
1596770,3323,256,13:33:52,2023-11-29T13:33:27.649,54.6,21.48
1597242,3324,256,13:33:54,2023-11-29T13:33:28.645,54.6,21.48
1597540,3326,256,13:33:55,2023-11-29T13:33:29.649,54.1,21.48
1597921,3327,256,13:33:56,2023-11-29T13:33:30.639,54.1,21.48
1598287,3328,256,13:33:57,2023-11-29T13:33:31.636,54.1,21.48
1598732,3329,256,13:33:58,2023-11-29T13:33:32.634,54.1,21.48
1599151,3330,256,13:33:59,2023-11-29T13:33:33.634,54.1,21.48
1599504,3331,256,13:34:01,2023-11-29T13:33:34.640,54.1,21.48
1600028,3333,256,13:34:02,2023-11-29T13:33:35.648,54.1,21.48
1600261,3334,256,13:34:03,2023-11-29T13:33:36.632,53.6,21.48
1600602,3335,256,13:34:04,2023-11-29T13:33:37.629,53.6,21.44
1601046,3336,256,13:34:06,2023-11-29T13:33:38.625,53.6,21.44
1601505,3337,256,13:34:07,2023-11-29T13:33:39.630,53.6,21.48
1601870,3339,256,13:34:08,2023-11-29T13:33:40.625,53.6,21.44
1602275,3340,256,13:34:09,2023-11-29T13:33:41.630,53.6,21.48
1602575,3341,256,13:34:10,2023-11-29T13:33:42.626,53.1,21.48
1602956,3342,256,13:34:11,2023-11-29T13:33:43.622,53.1,21.48
1603308,3343,256,13:34:13,2023-11-29T13:33:44.621,53.1,21.44
1603924,3345,256,13:34:14,2023-11-29T13:33:45.642,53.1,21.48
1604225,3346,256,13:34:15,2023-11-29T13:33:46.612,53.1,21.48
1604721,3347,256,13:34:16,2023-11-29T13:33:47.611,53.1,21.44
1605021,3348,256,13:34:18,2023-11-29T13:33:48.618,53.1,21.48
1605545,3349,256,13:34:19,2023-11-29T13:33:49.608,52.6,21.48
1605700,3351,256,13:34:20,2023-11-29T13:33:50.613,52.6,21.48
1606370,3352,256,13:34:21,2023-11-29T13:33:51.617,52.6,21.44
1606656,3353,256,13:34:22,2023-11-29T13:33:52.606,52.6,21.48
1607023,3354,256,13:34:24,2023-11-29T13:33:53.606,52.6,21.48
1607376,3355,256,13:34:25,2023-11-29T13:33:54.609,52.1,21.48
1607769,3357,256,13:34:26,2023-11-29T13:33:55.607,52.1,21.48
1608068,3358,256,13:34:27,2023-11-29T13:33:56.599,52.1,21.48
1608580,3359,256,13:34:28,2023-11-29T13:33:57.613,52.1,21.48
1608893,3360,256,13:34:30,2023-11-29T13:33:58.593,52.1,21.48
1609310,3361,256,13:34:31,2023-11-29T13:33:59.594,52.1,21.48
1609598,3363,256,13:34:32,2023-11-29T13:34:00.590,52.1,21.48
1609899,3364,256,13:34:33,2023-11-29T13:34:01.594,52.1,21.48
1610475,3365,256,13:34:34,2023-11-29T13:34:02.597,52.1,21.44
1610816,3366,256,13:34:36,2023-11-29T13:34:03.610,51.6,21.48
1611299,3367,256,13:34:37,2023-11-29T13:34:04.584,51.6,21.44
1611679,3369,256,13:34:38,2023-11-29T13:34:05.599,51.6,21.44
1611939,3370,256,13:34:39,2023-11-29T13:34:06.582,51.6,21.48
1612438,3371,256,13:34:40,2023-11-29T13:34:07.587,51.6,21.48
1612803,3372,256,13:34:42,2023-11-29T13:34:08.578,51.6,21.44
1613248,3373,256,13:34:43,2023-11-29T13:34:09.577,51.09,21.44
1613679,3375,256,13:34:44,2023-11-29T13:34:10.580,51.09,21.44
1614071,3376,256,13:34:45,2023-11-29T13:34:11.583,51.09,21.44
1614503,3377,256,13:34:46,2023-11-29T13:34:12.573,51.09,21.44
1614934,3378,256,13:34:48,2023-11-29T13:34:13.578,51.09,21.44
1615129,3379,256,13:34:49,2023-11-29T13:34:14.571,51.1,21.48
1615707,3381,256,13:34:50,2023-11-29T13:34:15.575,51.09,21.44
1615811,3382,256,13:34:51,2023-11-29T13:34:16.567,51.09,21.44
1616267,3383,256,13:34:52,2023-11-29T13:34:17.565,51.09,21.44
1616780,3384,256,13:34:54,2023-11-29T13:34:18.567,50.59,21.44
1617104,3385,256,13:34:55,2023-11-29T13:34:19.566,50.59,21.44
1617563,3387,256,13:34:56,2023-11-29T13:34:20.564,50.59,21.44
1617837,3388,256,13:34:57,2023-11-29T13:34:21.566,50.59,21.44
1618256,3389,256,13:34:58,2023-11-29T13:34:22.559,50.59,21.44
1618741,3390,256,13:35:00,2023-11-29T13:34:23.558,50.09,21.44
1619106,3391,256,13:35:01,2023-11-29T13:34:24.556,50.09,21.44
1619406,3392,256,13:35:02,2023-11-29T13:34:25.556,50.09,21.44
1619851,3394,256,13:35:03,2023-11-29T13:34:26.552,50.09,21.44
1620283,3395,256,13:35:04,2023-11-29T13:34:27.549,50.09,21.44
1620847,3396,256,13:35:06,2023-11-29T13:34:28.550,50.09,21.44
1621120,3397,256,13:35:07,2023-11-29T13:34:29.552,50.09,21.44
1621341,3398,256,13:35:08,2023-11-29T13:34:30.553,50.09,21.44
1621917,3400,256,13:35:09,2023-11-29T13:34:31.551,50.09,21.44
1622246,3401,256,13:35:10,2023-11-29T13:34:32.548,50.09,21.44
1622532,3402,256,13:35:12,2023-11-29T13:34:33.540,50.09,21.44
1622950,3403,256,13:35:13,2023-11-29T13:34:34.544,49.58,21.44
1623448,3404,256,13:35:14,2023-11-29T13:34:35.538,49.58,21.44
1623841,3406,256,13:35:15,2023-11-29T13:34:36.548,49.58,21.44
1624089,3407,256,13:35:16,2023-11-29T13:34:37.534,49.58,21.44
1624389,3408,256,13:35:18,2023-11-29T13:34:38.541,49.58,21.44
1625097,3409,256,13:35:19,2023-11-29T13:34:39.530,49.58,21.44
1625515,3410,256,13:35:20,2023-11-29T13:34:40.532,49.08,21.44
1625736,3412,256,13:35:21,2023-11-29T13:34:41.527,49.08,21.44
1626049,3413,256,13:35:22,2023-11-29T13:34:42.526,49.08,21.44
1626613,3414,256,13:35:24,2023-11-29T13:34:43.528,49.08,21.44
1627215,3415,256,13:35:25,2023-11-29T13:34:44.530,49.08,21.44
1627621,3416,256,13:35:26,2023-11-29T13:34:45.526,49.08,21.44
1628013,3418,256,13:35:27,2023-11-29T13:34:46.519,49.08,21.44
1628222,3419,256,13:35:28,2023-11-29T13:34:47.523,49.08,21.44
1628757,3420,256,13:35:30,2023-11-29T13:34:48.522,49.08,21.44
1629269,3421,256,13:35:31,2023-11-29T13:34:49.515,49.08,21.44
1629660,3422,256,13:35:32,2023-11-29T13:34:50.521,49.08,21.44
1630066,3424,256,13:35:33,2023-11-29T13:34:51.517,48.57,21.44
1630484,3425,256,13:35:34,2023-11-29T13:34:52.511,48.57,21.44
1631151,3426,256,13:35:35,2023-11-29T13:34:53.516,48.57,21.44
1631425,3427,256,13:35:37,2023-11-29T13:34:54.516,48.57,21.44
1631790,3428,256,13:35:38,2023-11-29T13:34:55.505,48.57,21.44
1632248,3429,256,13:35:39,2023-11-29T13:34:56.512,48.57,21.44
1632811,3431,256,13:35:40,2023-11-29T13:34:57.510,48.57,21.44
1633309,3432,256,13:35:41,2023-11-29T13:34:58.502,48.06,21.44
1633792,3433,256,13:35:43,2023-11-29T13:34:59.507,48.06,21.44
1634131,3434,256,13:35:44,2023-11-29T13:35:00.505,48.06,21.44
1634615,3435,256,13:35:45,2023-11-29T13:35:01.502,48.06,21.44
1635323,3437,256,13:35:46,2023-11-29T13:35:02.502,48.06,21.44
1635702,3438,256,13:35:47,2023-11-29T13:35:03.498,48.06,21.44
1636068,3439,256,13:35:49,2023-11-29T13:35:04.495,48.06,21.44
1636512,3440,256,13:35:50,2023-11-29T13:35:05.490,48.06,21.44
1637140,3441,256,13:35:51,2023-11-29T13:35:06.496,48.06,21.44
1637467,3443,256,13:35:52,2023-11-29T13:35:07.491,48.06,21.44
1637873,3444,256,13:35:53,2023-11-29T13:35:08.492,48.06,21.44
1638408,3445,256,13:35:55,2023-11-29T13:35:09.483,47.56,21.44
1638984,3446,256,13:35:56,2023-11-29T13:35:10.484,47.56,21.44
1639481,3447,256,13:35:57,2023-11-29T13:35:11.481,47.56,21.44
1639965,3449,256,13:35:58,2023-11-29T13:35:12.486,47.56,21.44
1640397,3450,256,13:35:59,2023-11-29T13:35:13.482,47.56,21.44
1640907,3451,256,13:36:01,2023-11-29T13:35:14.481,47.56,21.44
1641311,3452,256,13:36:02,2023-11-29T13:35:15.480,47.56,21.44
1641888,3453,256,13:36:03,2023-11-29T13:35:16.482,47.05,21.44
1642318,3455,256,13:36:04,2023-11-29T13:35:17.474,47.05,21.44
1642855,3456,256,13:36:05,2023-11-29T13:35:18.471,47.05,21.44
1643391,3457,256,13:36:07,2023-11-29T13:35:19.467,47.05,21.44
1643798,3458,256,13:36:08,2023-11-29T13:35:20.470,47.05,21.44
1644227,3459,256,13:36:09,2023-11-29T13:35:21.466,47.05,21.44
1644751,3460,256,13:36:10,2023-11-29T13:35:22.471,47.05,21.44
1645405,3462,256,13:36:11,2023-11-29T13:35:23.469,47.05,21.44
1645851,3463,256,13:36:13,2023-11-29T13:35:24.467,47.05,21.44
1646346,3464,256,13:36:14,2023-11-29T13:35:25.463,47.05,21.44
1646713,3465,256,13:36:15,2023-11-29T13:35:26.462,47.04,21.4
1647288,3466,256,13:36:16,2023-11-29T13:35:27.464,47.05,21.44
1647666,3468,256,13:36:17,2023-11-29T13:35:28.457,47.05,21.44
1648308,3469,256,13:36:19,2023-11-29T13:35:29.457,46.54,21.44
1648767,3470,256,13:36:20,2023-11-29T13:35:30.455,46.54,21.44
1649289,3471,256,13:36:21,2023-11-29T13:35:31.458,46.54,21.44
1649734,3472,256,13:36:22,2023-11-29T13:35:32.451,46.54,21.44
1650190,3474,256,13:36:23,2023-11-29T13:35:33.449,46.03,21.44
1650754,3475,256,13:36:25,2023-11-29T13:35:34.444,46.03,21.44
1651146,3476,256,13:36:26,2023-11-29T13:35:35.442,46.03,21.44
1651839,3477,256,13:36:27,2023-11-29T13:35:36.449,46.03,21.44
1652323,3478,256,13:36:28,2023-11-29T13:35:37.445,46.03,21.44
1652821,3479,256,13:36:29,2023-11-29T13:35:38.438,46.03,21.44
1653094,3481,256,13:36:30,2023-11-29T13:35:39.443,46.03,21.44
1653801,3482,256,13:36:32,2023-11-29T13:35:40.444,46.02,21.4
1654192,3483,256,13:36:33,2023-11-29T13:35:41.440,46.03,21.44
1654755,3484,256,13:36:34,2023-11-29T13:35:42.431,45.51,21.4
1655239,3485,256,13:36:35,2023-11-29T13:35:43.434,45.52,21.44
1655893,3487,256,13:36:36,2023-11-29T13:35:44.434,45.51,21.4
1656312,3488,256,13:36:38,2023-11-29T13:35:45.432,45.52,21.44
1656862,3489,256,13:36:39,2023-11-29T13:35:46.432,45,21.44
1657266,3490,256,13:36:40,2023-11-29T13:35:47.428,45,21.4
1657816,3491,256,13:36:41,2023-11-29T13:35:48.423,45,21.4
1658247,3493,256,13:36:43,2023-11-29T13:35:49.430,45,21.44
1658836,3494,256,13:36:44,2023-11-29T13:35:50.424,45,21.4
1659424,3495,256,13:36:45,2023-11-29T13:35:51.420,45,21.44
1659830,3496,256,13:36:46,2023-11-29T13:35:52.422,45,21.44
1660182,3498,256,13:36:47,2023-11-29T13:35:53.421,45,21.44
1661008,3499,256,13:36:49,2023-11-29T13:35:54.423,45,21.4
1661255,3500,256,13:36:50,2023-11-29T13:35:55.419,45,21.44
1661910,3501,256,13:36:51,2023-11-29T13:35:56.410,44.49,21.44
1662486,3502,256,13:36:52,2023-11-29T13:35:57.417,44.49,21.4
1662929,3504,256,13:36:53,2023-11-29T13:35:58.415,44.49,21.4
1663347,3505,256,13:36:55,2023-11-29T13:35:59.407,44.49,21.4
1663831,3506,256,13:36:56,2023-11-29T13:36:00.410,43.97,21.4
1664420,3507,256,13:36:57,2023-11-29T13:36:01.406,43.97,21.4
1665022,3508,256,13:36:58,2023-11-29T13:36:02.405,43.97,21.4
1665401,3510,256,13:36:59,2023-11-29T13:36:03.406,43.97,21.4
1665963,3511,256,13:37:01,2023-11-29T13:36:04.404,43.97,21.4
1666487,3512,256,13:37:02,2023-11-29T13:36:05.400,43.97,21.4
1666943,3513,256,13:37:03,2023-11-29T13:36:06.401,43.97,21.4
1667440,3514,256,13:37:04,2023-11-29T13:36:07.397,43.97,21.4
1667845,3516,256,13:37:06,2023-11-29T13:36:08.399,43.97,21.4
1668474,3517,256,13:37:07,2023-11-29T13:36:09.388,43.46,21.4
1669049,3518,256,13:37:08,2023-11-29T13:36:10.390,43.46,21.4
1669414,3519,256,13:37:09,2023-11-29T13:36:11.386,43.46,21.4
1669951,3520,256,13:37:10,2023-11-29T13:36:12.391,43.46,21.4
1670554,3522,256,13:37:12,2023-11-29T13:36:13.383,43.46,21.4
1671168,3523,256,13:37:13,2023-11-29T13:36:14.384,42.94,21.4
1671573,3524,256,13:37:14,2023-11-29T13:36:15.385,42.94,21.4
1672057,3525,256,13:37:15,2023-11-29T13:36:16.385,42.95,21.44
1672594,3527,256,13:37:17,2023-11-29T13:36:17.380,42.94,21.4
1673090,3528,256,13:37:18,2023-11-29T13:36:18.382,42.94,21.4
1673468,3529,256,13:37:19,2023-11-29T13:36:19.376,42.94,21.4
1673979,3530,256,13:37:20,2023-11-29T13:36:20.377,42.95,21.44
1674567,3531,256,13:37:21,2023-11-29T13:36:21.369,42.94,21.4
1674947,3533,256,13:37:23,2023-11-29T13:36:22.371,42.94,21.4
1675562,3534,256,13:37:24,2023-11-29T13:36:23.370,42.94,21.4
1676111,3535,256,13:37:25,2023-11-29T13:36:24.369,42.43,21.4
1676503,3536,256,13:37:26,2023-11-29T13:36:25.366,42.43,21.4
1677027,3538,256,13:37:28,2023-11-29T13:36:26.363,42.43,21.4
1677589,3539,256,13:37:29,2023-11-29T13:36:27.370,42.43,21.4
1677928,3540,256,13:37:30,2023-11-29T13:36:28.365,41.91,21.44
1678346,3541,256,13:37:31,2023-11-29T13:36:29.361,41.91,21.4
1679053,3542,256,13:37:33,2023-11-29T13:36:30.365,41.91,21.4
1679577,3544,256,13:37:34,2023-11-29T13:36:31.356,41.91,21.4
1680138,3545,256,13:37:35,2023-11-29T13:36:32.353,41.91,21.4
1680675,3546,256,13:37:36,2023-11-29T13:36:33.356,41.91,21.4
1680962,3547,256,13:37:37,2023-11-29T13:36:34.357,41.91,21.4
1681472,3549,256,13:37:39,2023-11-29T13:36:35.357,41.91,21.4
1682035,3550,256,13:37:40,2023-11-29T13:36:36.352,41.91,21.4
1682599,3551,256,13:37:41,2023-11-29T13:36:37.350,41.91,21.4
1683120,3552,256,13:37:42,2023-11-29T13:36:38.352,41.91,21.4
1683565,3554,256,13:37:44,2023-11-29T13:36:39.351,41.39,21.4
1684089,3555,256,13:37:45,2023-11-29T13:36:40.343,41.91,21.4
1684651,3556,256,13:37:46,2023-11-29T13:36:41.344,41.39,21.4
1685160,3557,256,13:37:47,2023-11-29T13:36:42.344,41.39,21.4
1685711,3558,256,13:37:49,2023-11-29T13:36:43.337,41.39,21.4
1686023,3560,256,13:37:50,2023-11-29T13:36:44.343,41.39,21.4
1686651,3561,256,13:37:51,2023-11-29T13:36:45.334,40.87,21.4
1687135,3562,256,13:37:52,2023-11-29T13:36:46.334,40.87,21.4
1687607,3563,256,13:37:54,2023-11-29T13:36:47.337,40.87,21.4
1687946,3565,256,13:37:55,2023-11-29T13:36:48.329,40.87,21.4
1688705,3566,256,13:37:56,2023-11-29T13:36:49.336,40.87,21.4
1689057,3567,256,13:37:57,2023-11-29T13:36:50.326,40.87,21.4
1689555,3568,256,13:37:58,2023-11-29T13:36:51.332,40.87,21.4
1690207,3570,256,13:38:00,2023-11-29T13:36:52.325,40.87,21.4
1690692,3571,256,13:38:01,2023-11-29T13:36:53.324,40.87,21.4
1691190,3572,256,13:38:02,2023-11-29T13:36:54.327,40.87,21.4
1691674,3573,256,13:38:03,2023-11-29T13:36:55.321,40.87,21.4
1692143,3575,256,13:38:05,2023-11-29T13:36:56.316,40.87,21.4
1692601,3576,256,13:38:06,2023-11-29T13:36:57.315,40.36,21.4
1693112,3577,256,13:38:07,2023-11-29T13:36:58.320,40.36,21.4
1693622,3578,256,13:38:08,2023-11-29T13:36:59.318,40.36,21.4
1694093,3580,256,13:38:10,2023-11-29T13:37:00.311,40.36,21.4
1694523,3581,256,13:38:11,2023-11-29T13:37:01.311,40.36,21.44
1695258,3582,256,13:38:12,2023-11-29T13:37:02.314,39.83,21.4
1695662,3583,256,13:38:13,2023-11-29T13:37:03.311,39.83,21.4
1695859,3585,256,13:38:15,2023-11-29T13:37:04.310,39.83,21.4
1696499,3586,256,13:38:16,2023-11-29T13:37:05.306,39.83,21.4
1697061,3587,256,13:38:17,2023-11-29T13:37:06.307,39.83,21.4
1697521,3588,256,13:38:18,2023-11-29T13:37:07.298,39.83,21.4
1698043,3589,256,13:38:20,2023-11-29T13:37:08.300,39.84,21.44
1698540,3591,256,13:38:21,2023-11-29T13:37:09.298,39.83,21.4
1699076,3592,256,13:38:22,2023-11-29T13:37:10.299,39.83,21.4
1699295,3593,256,13:38:23,2023-11-29T13:37:11.293,39.83,21.4
1699834,3595,256,13:38:25,2023-11-29T13:37:12.295,39.83,21.4
1700397,3596,256,13:38:26,2023-11-29T13:37:13.289,39.83,21.4
1700906,3597,256,13:38:27,2023-11-29T13:37:14.290,39.83,21.4
1701297,3598,256,13:38:29,2023-11-29T13:37:15.291,39.31,21.4
1701781,3600,256,13:38:30,2023-11-29T13:37:16.287,39.31,21.4
1702356,3601,256,13:38:31,2023-11-29T13:37:17.289,39.31,21.4
1702856,3602,256,13:38:32,2023-11-29T13:37:18.280,39.31,21.4
1703286,3603,256,13:38:34,2023-11-29T13:37:19.280,39.31,21.4
1703785,3605,256,13:38:35,2023-11-29T13:37:20.285,39.31,21.4
1704240,3606,256,13:38:36,2023-11-29T13:37:21.285,38.79,21.4
1704817,3607,256,13:38:37,2023-11-29T13:37:22.285,38.79,21.4
1705222,3608,256,13:38:39,2023-11-29T13:37:23.282,38.79,21.4
1705679,3610,256,13:38:40,2023-11-29T13:37:24.280,38.79,21.4
1706243,3611,256,13:38:41,2023-11-29T13:37:25.273,38.79,21.4
1706449,3612,256,13:38:42,2023-11-29T13:37:26.272,38.79,21.4
1707183,3613,256,13:38:44,2023-11-29T13:37:27.272,38.79,21.4
1707603,3615,256,13:38:45,2023-11-29T13:37:28.271,38.79,21.4
1708112,3616,256,13:38:46,2023-11-29T13:37:29.273,38.79,21.4
1708556,3617,256,13:38:48,2023-11-29T13:37:30.268,38.79,21.4
1708935,3618,256,13:38:49,2023-11-29T13:37:31.267,38.79,21.4
1709432,3620,256,13:38:50,2023-11-29T13:37:32.267,38.8,21.44
1709851,3621,256,13:38:51,2023-11-29T13:37:33.265,38.8,21.44
1710297,3622,256,13:38:53,2023-11-29T13:37:34.265,38.27,21.4
1710846,3624,256,13:38:54,2023-11-29T13:37:35.258,38.27,21.4
1711185,3625,256,13:38:55,2023-11-29T13:37:36.254,38.27,21.4
1711616,3626,256,13:38:56,2023-11-29T13:37:37.256,38.27,21.4
1712219,3627,256,13:38:58,2023-11-29T13:37:38.258,38.27,21.4
1712702,3629,256,13:38:59,2023-11-29T13:37:39.257,38.27,21.4
1712989,3630,256,13:39:00,2023-11-29T13:37:40.249,38.27,21.4
1713578,3631,256,13:39:02,2023-11-29T13:37:41.249,38.27,21.4
1713931,3633,256,13:39:03,2023-11-29T13:37:42.250,37.75,21.4
1714664,3634,256,13:39:04,2023-11-29T13:37:43.248,37.74,21.36
1714991,3635,256,13:39:05,2023-11-29T13:37:44.243,37.75,21.4
1715370,3636,256,13:39:07,2023-11-29T13:37:45.244,37.75,21.4
1716090,3638,256,13:39:08,2023-11-29T13:37:46.239,37.75,21.4
1716389,3639,256,13:39:09,2023-11-29T13:37:47.239,37.75,21.4
1716781,3640,256,13:39:11,2023-11-29T13:37:48.244,37.75,21.4
1717515,3641,256,13:39:12,2023-11-29T13:37:49.241,37.75,21.4
1717698,3643,256,13:39:13,2023-11-29T13:37:50.234,37.75,21.4
1718142,3644,256,13:39:15,2023-11-29T13:37:51.235,37.75,21.4
1718601,3645,256,13:39:16,2023-11-29T13:37:52.229,37.75,21.4
1719189,3647,256,13:39:17,2023-11-29T13:37:53.230,37.75,21.4
1719370,3648,256,13:39:18,2023-11-29T13:37:54.228,37.75,21.4
1719947,3649,256,13:39:20,2023-11-29T13:37:55.227,37.75,21.44
1720299,3651,256,13:39:21,2023-11-29T13:37:56.226,37.75,21.4
1720850,3652,256,13:39:22,2023-11-29T13:37:57.220,37.23,21.44
1721149,3653,256,13:39:24,2023-11-29T13:37:58.223,37.22,21.4
1721737,3654,256,13:39:25,2023-11-29T13:37:59.218,37.22,21.4
1722104,3656,256,13:39:26,2023-11-29T13:38:00.219,37.23,21.44
1722550,3657,256,13:39:27,2023-11-29T13:38:01.217,37.22,21.4
1722992,3658,256,13:39:29,2023-11-29T13:38:02.218,37.22,21.4
1723478,3660,256,13:39:30,2023-11-29T13:38:03.215,37.22,21.4
1723778,3661,256,13:39:31,2023-11-29T13:38:04.212,36.7,21.4
1724432,3662,256,13:39:33,2023-11-29T13:38:05.211,36.7,21.44
1724705,3663,256,13:39:34,2023-11-29T13:38:06.215,36.7,21.4
1725151,3665,256,13:39:35,2023-11-29T13:38:07.214,36.7,21.44
1725728,3666,256,13:39:37,2023-11-29T13:38:08.210,36.7,21.4
1726093,3667,256,13:39:38,2023-11-29T13:38:09.206,36.7,21.44
1726511,3669,256,13:39:39,2023-11-29T13:38:10.209,36.7,21.4
1726837,3670,256,13:39:41,2023-11-29T13:38:11.207,36.7,21.4
1727401,3671,256,13:39:42,2023-11-29T13:38:12.202,36.7,21.44
1727832,3673,256,13:39:43,2023-11-29T13:38:13.205,36.7,21.4
1728277,3674,256,13:39:44,2023-11-29T13:38:14.200,36.7,21.44
1728683,3675,256,13:39:46,2023-11-29T13:38:15.193,36.7,21.44
1729129,3676,256,13:39:47,2023-11-29T13:38:16.197,36.7,21.44
1729611,3678,256,13:39:48,2023-11-29T13:38:17.195,36.7,21.44
1729871,3679,256,13:39:50,2023-11-29T13:38:18.194,36.7,21.4
1730383,3680,256,13:39:51,2023-11-29T13:38:19.195,36.7,21.4
1730722,3682,256,13:39:52,2023-11-29T13:38:20.187,36.7,21.4
1731179,3683,256,13:39:54,2023-11-29T13:38:21.193,36.18,21.44
1731651,3684,256,13:39:55,2023-11-29T13:38:22.187,36.17,21.4
1731950,3686,256,13:39:56,2023-11-29T13:38:23.185,36.17,21.4
1732488,3687,256,13:39:58,2023-11-29T13:38:24.179,36.17,21.4
1732788,3688,256,13:39:59,2023-11-29T13:38:25.185,36.17,21.4
1733391,3690,256,13:40:00,2023-11-29T13:38:26.183,36.17,21.4
1733888,3691,256,13:40:02,2023-11-29T13:38:27.178,35.65,21.44
1734239,3692,256,13:40:03,2023-11-29T13:38:28.176,35.65,21.44
1734737,3694,256,13:40:04,2023-11-29T13:38:29.176,35.64,21.4
1735024,3695,256,13:40:06,2023-11-29T13:38:30.169,35.65,21.44
1735562,3696,256,13:40:07,2023-11-29T13:38:31.171,35.64,21.4
1736151,3698,256,13:40:08,2023-11-29T13:38:32.168,35.64,21.4
1736425,3699,256,13:40:10,2023-11-29T13:38:33.164,35.64,21.4
1736736,3700,256,13:40:11,2023-11-29T13:38:34.169,35.64,21.4
1737247,3702,256,13:40:12,2023-11-29T13:38:35.162,35.64,21.4
1737666,3703,256,13:40:14,2023-11-29T13:38:36.161,35.64,21.4
1738098,3704,256,13:40:15,2023-11-29T13:38:37.165,35.64,21.4
1738581,3706,256,13:40:16,2023-11-29T13:38:38.164,35.64,21.4
1738908,3707,256,13:40:18,2023-11-29T13:38:39.164,35.64,21.4
1739406,3708,256,13:40:19,2023-11-29T13:38:40.154,35.64,21.4
1739785,3710,256,13:40:20,2023-11-29T13:38:41.161,35.64,21.4
1740335,3711,256,13:40:22,2023-11-29T13:38:42.153,35.65,21.44
1740648,3712,256,13:40:23,2023-11-29T13:38:43.156,35.64,21.4
1741170,3714,256,13:40:24,2023-11-29T13:38:44.156,35.64,21.4
1741512,3715,256,13:40:26,2023-11-29T13:38:45.149,35.64,21.4
1741903,3716,256,13:40:27,2023-11-29T13:38:46.154,35.64,21.4
1742401,3718,256,13:40:28,2023-11-29T13:38:47.152,35.12,21.4
1742688,3719,256,13:40:30,2023-11-29T13:38:48.149,35.12,21.4
1743225,3720,256,13:40:31,2023-11-29T13:38:49.147,35.12,21.4
1743747,3722,256,13:40:32,2023-11-29T13:38:50.147,35.12,21.4
1744088,3723,256,13:40:34,2023-11-29T13:38:51.145,35.12,21.4
1744505,3724,256,13:40:35,2023-11-29T13:38:52.134,35.12,21.4
1744898,3726,256,13:40:36,2023-11-29T13:38:53.140,35.12,21.44
1745487,3727,256,13:40:38,2023-11-29T13:38:54.138,34.59,21.4
1745813,3728,256,13:40:39,2023-11-29T13:38:55.130,34.59,21.4
1746324,3730,256,13:40:40,2023-11-29T13:38:56.131,34.59,21.4
1746624,3731,256,13:40:42,2023-11-29T13:38:57.130,34.59,21.4
1747081,3732,256,13:40:43,2023-11-29T13:38:58.133,34.59,21.4
1747433,3734,256,13:40:45,2023-11-29T13:38:59.128,34.59,21.36
1748076,3735,256,13:40:46,2023-11-29T13:39:00.126,34.59,21.4
1748442,3736,256,13:40:47,2023-11-29T13:39:01.130,34.59,21.4
1748994,3738,256,13:40:49,2023-11-29T13:39:02.126,34.59,21.36
1749397,3739,256,13:40:50,2023-11-29T13:39:03.121,34.59,21.4
1749736,3741,256,13:40:51,2023-11-29T13:39:04.118,34.59,21.44
1750208,3742,256,13:40:53,2023-11-29T13:39:05.114,34.59,21.4
1750731,3743,256,13:40:54,2023-11-29T13:39:06.116,34.59,21.36
1751136,3745,256,13:40:55,2023-11-29T13:39:07.112,34.59,21.4
1751581,3746,256,13:40:57,2023-11-29T13:39:08.113,34.59,21.4
1751854,3747,256,13:40:58,2023-11-29T13:39:09.111,34.59,21.4
1752405,3749,256,13:41:00,2023-11-29T13:39:10.110,34.59,21.4
1752980,3750,256,13:41:01,2023-11-29T13:39:11.113,34.59,21.4
1753397,3751,256,13:41:02,2023-11-29T13:39:12.110,34.59,21.4
1753765,3753,256,13:41:04,2023-11-29T13:39:13.106,34.59,21.4
1754222,3754,256,13:41:05,2023-11-29T13:39:14.108,34.59,21.4
1754599,3755,256,13:41:06,2023-11-29T13:39:15.099,34.59,21.4
1755151,3757,256,13:41:08,2023-11-29T13:39:16.100,34.06,21.4
1755570,3758,256,13:41:09,2023-11-29T13:39:17.104,34.06,21.4
1755975,3760,256,13:41:10,2023-11-29T13:39:18.102,34.06,21.4
1756576,3761,256,13:41:12,2023-11-29T13:39:19.100,34.06,21.36
1757180,3763,256,13:41:14,2023-11-29T13:39:20.093,34.06,21.4
1757741,3764,256,13:41:15,2023-11-29T13:39:21.098,34.06,21.4
1758002,3766,256,13:41:17,2023-11-29T13:39:22.091,34.06,21.4
1758539,3767,256,13:41:18,2023-11-29T13:39:23.086,33.53,21.4
1759139,3768,256,13:41:19,2023-11-29T13:39:24.094,33.53,21.4
1759440,3770,256,13:41:21,2023-11-29T13:39:25.088,33.53,21.4
1759845,3771,256,13:41:22,2023-11-29T13:39:26.089,33.53,21.36
1760291,3772,256,13:41:23,2023-11-29T13:39:27.090,33.53,21.4
1760721,3774,256,13:41:25,2023-11-29T13:39:28.084,33.53,21.4
1761191,3775,256,13:41:26,2023-11-29T13:39:29.082,33.53,21.4
1761703,3777,256,13:41:28,2023-11-29T13:39:30.080,33.53,21.36
1762201,3778,256,13:41:29,2023-11-29T13:39:31.084,33.53,21.4
1762710,3779,256,13:41:30,2023-11-29T13:39:32.079,33.53,21.4
1763021,3781,256,13:41:32,2023-11-29T13:39:33.071,33.53,21.4
1763625,3782,256,13:41:33,2023-11-29T13:39:34.077,33.53,21.4
1764017,3783,256,13:41:34,2023-11-29T13:39:35.078,33.53,21.4
1764644,3785,256,13:41:36,2023-11-29T13:39:36.067,33.53,21.4
1766149,3786,256,13:41:37,2023-11-29T13:39:37.065,33.53,21.4
1766933,3788,256,13:41:39,2023-11-29T13:39:38.062,33.53,21.36
1767536,3789,256,13:41:40,2023-11-29T13:39:39.066,33.53,21.4
1767822,3790,256,13:41:41,2023-11-29T13:39:40.068,33.53,21.4
1768360,3792,256,13:41:43,2023-11-29T13:39:41.067,33.53,21.4
1768790,3793,256,13:41:44,2023-11-29T13:39:42.057,33.53,21.4
1769406,3794,256,13:41:46,2023-11-29T13:39:43.060,33.53,21.4
1769719,3796,256,13:41:47,2023-11-29T13:39:44.054,33.53,21.4
1770269,3797,256,13:41:48,2023-11-29T13:39:45.057,33.53,21.4
1770740,3799,256,13:41:50,2023-11-29T13:39:46.056,33.53,21.4
1771197,3800,256,13:41:51,2023-11-29T13:39:47.051,33.53,21.4
1771721,3801,256,13:41:52,2023-11-29T13:39:48.049,33,21.4
1772099,3803,256,13:41:54,2023-11-29T13:39:49.048,33,21.4
1772622,3804,256,13:41:55,2023-11-29T13:39:50.043,33,21.4
1773028,3806,256,13:41:57,2023-11-29T13:39:51.044,33,21.4
1773499,3807,256,13:41:58,2023-11-29T13:39:52.048,33,21.4
1773943,3808,256,13:41:59,2023-11-29T13:39:53.043,33,21.4
1774388,3810,256,13:42:01,2023-11-29T13:39:54.046,33,21.4
1774950,3811,256,13:42:02,2023-11-29T13:39:55.035,33,21.4
1775303,3813,256,13:42:04,2023-11-29T13:39:56.034,32.47,21.4
1775774,3814,256,13:42:05,2023-11-29T13:39:57.033,32.47,21.4
1776429,3815,256,13:42:06,2023-11-29T13:39:58.040,32.47,21.4
1776767,3817,256,13:42:08,2023-11-29T13:39:59.035,32.46,21.36
1777186,3818,256,13:42:09,2023-11-29T13:40:00.030,32.47,21.4
1777657,3820,256,13:42:11,2023-11-29T13:40:01.034,32.47,21.4
1778259,3821,256,13:42:12,2023-11-29T13:40:02.029,32.47,21.4
1778703,3822,256,13:42:13,2023-11-29T13:40:03.032,32.47,21.4
1779069,3824,256,13:42:15,2023-11-29T13:40:04.021,32.47,21.4
1779461,3825,256,13:42:16,2023-11-29T13:40:05.025,32.47,21.4
1779878,3827,256,13:42:18,2023-11-29T13:40:06.021,32.46,21.36
1780338,3828,256,13:42:19,2023-11-29T13:40:07.023,32.46,21.36
1781033,3829,256,13:42:21,2023-11-29T13:40:08.022,32.47,21.4
1781516,3831,256,13:42:22,2023-11-29T13:40:09.022,32.47,21.4
1781777,3832,256,13:42:23,2023-11-29T13:40:10.020,32.47,21.4
1782379,3834,256,13:42:25,2023-11-29T13:40:11.018,32.47,21.4
1782679,3835,256,13:42:26,2023-11-29T13:40:12.013,32.47,21.4
1783188,3836,256,13:42:28,2023-11-29T13:40:13.016,32.47,21.4
1783528,3838,256,13:42:29,2023-11-29T13:40:14.015,32.47,21.4
1784197,3839,256,13:42:30,2023-11-29T13:40:15.005,32.46,21.36
1784813,3841,256,13:42:32,2023-11-29T13:40:16.003,32.47,21.4
1785032,3842,256,13:42:33,2023-11-29T13:40:17.004,32.47,21.4
1785412,3844,256,13:42:35,2023-11-29T13:40:18.003,32.47,21.4
1785922,3845,256,13:42:36,2023-11-29T13:40:19.006,32.47,21.4
1786432,3846,256,13:42:38,2023-11-29T13:40:20.005,32.46,21.36
1787009,3848,256,13:42:39,2023-11-29T13:40:20.997,32.47,21.4
1787399,3849,256,13:42:40,2023-11-29T13:40:21.994,32.46,21.36
1787792,3851,256,13:42:42,2023-11-29T13:40:22.998,32.47,21.4
1788302,3852,256,13:42:43,2023-11-29T13:40:23.998,31.94,21.4
1788840,3854,256,13:42:45,2023-11-29T13:40:24.989,31.93,21.36
1789441,3855,256,13:42:46,2023-11-29T13:40:25.988,31.94,21.4
1789715,3856,256,13:42:48,2023-11-29T13:40:26.989,31.94,21.4
1790081,3858,256,13:42:49,2023-11-29T13:40:27.989,31.94,21.4
1790498,3859,256,13:42:51,2023-11-29T13:40:28.990,31.93,21.36
1791193,3861,256,13:42:52,2023-11-29T13:40:29.989,31.94,21.4
1791636,3862,256,13:42:53,2023-11-29T13:40:30.983,31.93,21.36
1792094,3864,256,13:42:55,2023-11-29T13:40:31.979,31.93,21.36
1792302,3865,256,13:42:56,2023-11-29T13:40:32.981,31.4,21.4
1792760,3866,256,13:42:58,2023-11-29T13:40:33.977,31.4,21.36
1793192,3868,256,13:42:59,2023-11-29T13:40:34.980,31.4,21.4
1793846,3869,256,13:43:01,2023-11-29T13:40:35.979,31.4,21.36
1794291,3871,256,13:43:02,2023-11-29T13:40:36.975,31.4,21.4
1794788,3872,256,13:43:03,2023-11-29T13:40:37.972,31.4,21.4
1795260,3874,256,13:43:05,2023-11-29T13:40:38.966,31.4,21.4
1795625,3875,256,13:43:06,2023-11-29T13:40:39.974,31.4,21.4
1796135,3877,256,13:43:08,2023-11-29T13:40:40.964,31.4,21.4
1796553,3878,256,13:43:09,2023-11-29T13:40:41.969,31.41,21.44
1796997,3879,256,13:43:11,2023-11-29T13:40:42.967,31.4,21.4
1797614,3881,256,13:43:12,2023-11-29T13:40:43.968,31.4,21.4
1798033,3882,256,13:43:14,2023-11-29T13:40:44.963,31.4,21.4
1798490,3884,256,13:43:15,2023-11-29T13:40:45.960,31.4,21.36
1798881,3885,256,13:43:17,2023-11-29T13:40:46.959,31.4,21.4
1799443,3887,256,13:43:18,2023-11-29T13:40:47.961,31.4,21.4
1799903,3888,256,13:43:19,2023-11-29T13:40:48.958,31.4,21.36
1800399,3890,256,13:43:21,2023-11-29T13:40:49.961,31.4,21.4
1800766,3891,256,13:43:22,2023-11-29T13:40:50.952,31.4,21.4
1801223,3892,256,13:43:24,2023-11-29T13:40:51.955,31.4,21.4
1801812,3894,256,13:43:25,2023-11-29T13:40:52.951,31.4,21.4
1802176,3895,256,13:43:27,2023-11-29T13:40:53.949,31.4,21.4
1802700,3897,256,13:43:28,2023-11-29T13:40:54.944,31.4,21.4
1803107,3898,256,13:43:30,2023-11-29T13:40:55.943,31.4,21.4
1803577,3900,256,13:43:31,2023-11-29T13:40:56.941,31.4,21.36
1804060,3901,256,13:43:33,2023-11-29T13:40:57.944,31.4,21.36
1804480,3903,256,13:43:34,2023-11-29T13:40:58.938,31.4,21.4
1804990,3904,256,13:43:36,2023-11-29T13:40:59.941,31.4,21.4
1805252,3906,256,13:43:37,2023-11-29T13:41:00.939,31.4,21.36
1805918,3907,256,13:43:39,2023-11-29T13:41:01.935,31.4,21.36
1806754,3909,256,13:43:40,2023-11-29T13:41:02.930,31.4,21.4
1808545,3910,256,13:43:41,2023-11-29T13:41:03.937,30.86,21.36
1811081,3912,256,13:43:43,2023-11-29T13:41:04.932,30.87,21.4
1813830,3913,256,13:43:44,2023-11-29T13:41:05.933,30.87,21.4
1816445,3914,256,13:43:46,2023-11-29T13:41:06.928,30.86,21.36
1819295,3916,256,13:43:47,2023-11-29T13:41:07.926,30.87,21.4
1822252,3917,256,13:43:49,2023-11-29T13:41:08.925,30.87,21.4
1824894,3919,256,13:43:50,2023-11-29T13:41:09.928,30.86,21.36
1826201,3920,256,13:43:52,2023-11-29T13:41:10.920,30.87,21.4
1827142,3922,256,13:43:53,2023-11-29T13:41:11.920,30.87,21.4
1827705,3923,256,13:43:55,2023-11-29T13:41:12.918,30.86,21.36
1828359,3925,256,13:43:56,2023-11-29T13:41:13.913,30.33,21.4
1829014,3926,256,13:43:58,2023-11-29T13:41:14.918,30.33,21.36
,,,,2023-11-29T13:41:15.910,30.33,21.4
,,,,2023-11-29T13:41:16.916,30.33,21.36
,,,,2023-11-29T13:41:17.911,30.33,21.36
,,,,2023-11-29T13:41:18.913,30.33,21.4
,,,,2023-11-29T13:41:19.904,30.33,21.4
,,,,2023-11-29T13:41:20.911,30.33,21.4
,,,,2023-11-29T13:41:21.900,30.33,21.4
,,,,2023-11-29T13:41:22.905,30.33,21.4
,,,,2023-11-29T13:41:23.897,30.33,21.4
,,,,2023-11-29T13:41:24.899,30.33,21.4
,,,,2023-11-29T13:41:25.897,30.33,21.4
,,,,2023-11-29T13:41:26.894,30.33,21.4
,,,,2023-11-29T13:41:27.896,30.33,21.4
,,,,2023-11-29T13:41:28.896,30.33,21.4
,,,,2023-11-29T13:41:29.893,30.33,21.4
,,,,2023-11-29T13:41:30.894,30.33,21.36
,,,,2023-11-29T13:41:31.890,30.33,21.4
,,,,2023-11-29T13:41:32.890,30.33,21.4
,,,,2023-11-29T13:41:33.883,30.33,21.36
,,,,2023-11-29T13:41:34.883,30.33,21.4
,,,,2023-11-29T13:41:35.883,30.33,21.36
,,,,2023-11-29T13:41:36.880,30.33,21.36
,,,,2023-11-29T13:41:37.883,30.33,21.36
,,,,2023-11-29T13:41:38.876,30.33,21.36
,,,,2023-11-29T13:41:39.873,30.33,21.4
,,,,2023-11-29T13:41:40.879,29.8,21.4
,,,,2023-11-29T13:41:41.874,29.79,21.36
,,,,2023-11-29T13:41:42.876,29.79,21.36
,,,,2023-11-29T13:41:43.874,29.79,21.36
,,,,2023-11-29T13:41:44.870,29.8,21.4
,,,,2023-11-29T13:41:45.870,29.79,21.36
,,,,2023-11-29T13:41:46.866,29.79,21.36
,,,,2023-11-29T13:41:47.865,29.79,21.36
,,,,2023-11-29T13:41:48.866,29.26,21.36
,,,,2023-11-29T13:41:49.859,29.26,21.36
,,,,2023-11-29T13:41:50.856,29.79,21.36
,,,,2023-11-29T13:41:51.860,29.26,21.36
,,,,2023-11-29T13:41:52.859,29.26,21.36
,,,,2023-11-29T13:41:53.858,29.26,21.36
,,,,2023-11-29T13:41:54.855,29.26,21.36
,,,,2023-11-29T13:41:55.855,29.26,21.36
,,,,2023-11-29T13:41:56.846,29.26,21.36
,,,,2023-11-29T13:41:57.845,29.26,21.36
,,,,2023-11-29T13:41:58.850,29.26,21.36
,,,,2023-11-29T13:41:59.843,29.26,21.36
,,,,2023-11-29T13:42:00.845,29.26,21.36
,,,,2023-11-29T13:42:01.841,29.26,21.36
,,,,2023-11-29T13:42:02.844,29.26,21.36
,,,,2023-11-29T13:42:03.843,29.26,21.36
,,,,2023-11-29T13:42:04.839,29.26,21.36
,,,,2023-11-29T13:42:05.835,29.26,21.36
,,,,2023-11-29T13:42:06.831,29.26,21.36
,,,,2023-11-29T13:42:07.833,29.26,21.36
,,,,2023-11-29T13:42:08.831,29.26,21.36
,,,,2023-11-29T13:42:09.831,29.26,21.36
,,,,2023-11-29T13:42:10.830,29.26,21.36
,,,,2023-11-29T13:42:11.823,29.26,21.36
,,,,2023-11-29T13:42:12.824,29.26,21.36
,,,,2023-11-29T13:42:13.824,29.26,21.36
,,,,2023-11-29T13:42:14.826,29.26,21.36
,,,,2023-11-29T13:42:15.821,29.26,21.36
,,,,2023-11-29T13:42:16.815,29.26,21.36
,,,,2023-11-29T13:42:17.812,29.26,21.36
,,,,2023-11-29T13:42:18.816,29.26,21.36
,,,,2023-11-29T13:42:19.815,29.26,21.36
,,,,2023-11-29T13:42:20.817,29.26,21.36
,,,,2023-11-29T13:42:21.809,29.26,21.36
,,,,2023-11-29T13:42:22.809,29.26,21.36
,,,,2023-11-29T13:42:23.808,29.26,21.36
,,,,2023-11-29T13:42:24.803,29.26,21.36
,,,,2023-11-29T13:42:25.804,29.26,21.36
,,,,2023-11-29T13:42:26.806,29.26,21.36
,,,,2023-11-29T13:42:27.803,29.26,21.36
,,,,2023-11-29T13:42:28.803,29.26,21.36
,,,,2023-11-29T13:42:29.796,29.26,21.36
,,,,2023-11-29T13:42:30.799,29.26,21.36
,,,,2023-11-29T13:42:31.795,29.26,21.36
,,,,2023-11-29T13:42:32.797,29.26,21.36
,,,,2023-11-29T13:42:33.798,28.72,21.36
,,,,2023-11-29T13:42:34.792,28.72,21.36
,,,,2023-11-29T13:42:35.788,29.26,21.36
,,,,2023-11-29T13:42:36.791,28.72,21.36
,,,,2023-11-29T13:42:37.785,28.72,21.36
,,,,2023-11-29T13:42:38.787,28.72,21.36
,,,,2023-11-29T13:42:39.784,28.72,21.36
,,,,2023-11-29T13:42:40.783,28.72,21.36
,,,,2023-11-29T13:42:41.778,28.72,21.36
,,,,2023-11-29T13:42:42.776,28.72,21.36
,,,,2023-11-29T13:42:43.776,28.72,21.36
,,,,2023-11-29T13:42:44.781,28.72,21.36
,,,,2023-11-29T13:42:45.777,28.72,21.36
,,,,2023-11-29T13:42:46.776,28.72,21.36
,,,,2023-11-29T13:42:47.768,28.18,21.36
,,,,2023-11-29T13:42:48.777,28.18,21.36
,,,,2023-11-29T13:42:49.771,28.72,21.36
,,,,2023-11-29T13:42:50.764,28.18,21.36
,,,,2023-11-29T13:42:51.766,28.18,21.36
,,,,2023-11-29T13:42:52.764,28.18,21.36
,,,,2023-11-29T13:42:53.757,28.18,21.36
,,,,2023-11-29T13:42:54.764,28.18,21.36
,,,,2023-11-29T13:42:55.757,28.18,21.36
,,,,2023-11-29T13:42:56.752,28.18,21.36
,,,,2023-11-29T13:42:57.753,28.18,21.36
,,,,2023-11-29T13:42:58.749,28.18,21.36
,,,,2023-11-29T13:42:59.748,28.18,21.36
,,,,2023-11-29T13:43:00.747,28.18,21.36
,,,,2023-11-29T13:43:01.750,28.18,21.36
,,,,2023-11-29T13:43:02.746,28.18,21.36
,,,,2023-11-29T13:43:03.749,28.18,21.36
,,,,2023-11-29T13:43:04.748,28.18,21.36
,,,,2023-11-29T13:43:05.739,28.18,21.36
,,,,2023-11-29T13:43:06.736,28.18,21.36
,,,,2023-11-29T13:43:07.740,28.18,21.36
,,,,2023-11-29T13:43:08.740,28.18,21.36
,,,,2023-11-29T13:43:09.740,28.18,21.36
,,,,2023-11-29T13:43:10.733,28.18,21.36
,,,,2023-11-29T13:43:11.736,28.18,21.36
,,,,2023-11-29T13:43:12.733,28.18,21.36
,,,,2023-11-29T13:43:13.734,28.18,21.36
,,,,2023-11-29T13:43:14.727,28.18,21.36
,,,,2023-11-29T13:43:15.723,28.18,21.36
,,,,2023-11-29T13:43:16.721,28.18,21.36
,,,,2023-11-29T13:43:17.721,28.18,21.36
,,,,2023-11-29T13:43:18.717,28.18,21.36
,,,,2023-11-29T13:43:19.719,28.18,21.36
,,,,2023-11-29T13:43:20.718,28.18,21.36
,,,,2023-11-29T13:43:21.719,28.18,21.36
,,,,2023-11-29T13:43:22.712,28.18,21.36
,,,,2023-11-29T13:43:23.709,28.18,21.36
,,,,2023-11-29T13:43:24.709,28.18,21.36
,,,,2023-11-29T13:43:25.714,28.18,21.36
,,,,2023-11-29T13:43:26.706,28.18,21.36
,,,,2023-11-29T13:43:27.706,28.18,21.36
,,,,2023-11-29T13:43:28.706,28.18,21.36
,,,,2023-11-29T13:43:29.710,27.64,21.36
,,,,2023-11-29T13:43:30.704,28.18,21.36
,,,,2023-11-29T13:43:31.696,28.18,21.36
,,,,2023-11-29T13:43:32.702,28.18,21.36
,,,,2023-11-29T13:43:33.704,27.64,21.36
,,,,2023-11-29T13:43:34.697,27.64,21.36
,,,,2023-11-29T13:43:35.699,27.64,21.36
,,,,2023-11-29T13:43:36.691,27.64,21.36
,,,,2023-11-29T13:43:37.695,27.64,21.36
,,,,2023-11-29T13:43:38.694,27.64,21.36
,,,,2023-11-29T13:43:39.689,27.64,21.36
,,,,2023-11-29T13:43:40.700,27.64,21.36
,,,,2023-11-29T13:43:41.682,27.1,21.36
,,,,2023-11-29T13:43:42.682,27.1,21.36
,,,,2023-11-29T13:43:43.685,27.1,21.36
,,,,2023-11-29T13:43:44.681,27.1,21.36
,,,,2023-11-29T13:43:45.684,27.1,21.36
,,,,2023-11-29T13:43:46.679,27.1,21.36
,,,,2023-11-29T13:43:47.678,27.1,21.36
,,,,2023-11-29T13:43:48.671,26.56,21.36
,,,,2023-11-29T13:43:49.676,26.02,21.36
,,,,2023-11-29T13:43:50.676,26.02,21.36
,,,,2023-11-29T13:43:51.675,26.02,21.36
,,,,2023-11-29T13:43:52.663,26.02,21.36
,,,,2023-11-29T13:43:53.672,26.02,21.36
,,,,2023-11-29T13:43:54.669,26.02,21.32
,,,,2023-11-29T13:43:55.665,26.02,21.36
,,,,2023-11-29T13:43:56.664,26.02,21.36
,,,,2023-11-29T13:43:57.660,26.02,21.36
,,,,2023-11-29T13:43:58.657,26.02,21.36
,,,,2023-11-29T13:43:59.656,26.02,21.36
,,,,2023-11-29T13:44:00.662,26.02,21.36
,,,,2023-11-29T13:44:01.651,26.02,21.36
,,,,2023-11-29T13:44:02.657,26.02,21.36
,,,,2023-11-29T13:44:03.656,26.02,21.36
,,,,2023-11-29T13:44:04.651,26.02,21.36
,,,,2023-11-29T13:44:05.651,26.02,21.36
,,,,2023-11-29T13:44:06.647,26.02,21.36
