Resistance ,Current ,Voltage,Time
1.30E+02,2.55E+01,2.56E+02,15:14:10
1.30E+02,2.68E+01,2.56E+02,15:14:11
1.30E+02,2.80E+01,2.56E+02,15:14:13
1.30E+02,2.92E+01,2.56E+02,15:14:14
1.30E+02,3.04E+01,2.56E+02,15:14:15
1.30E+02,3.16E+01,2.56E+02,15:14:16
1.30E+02,3.28E+01,2.56E+02,15:14:17
1.30E+02,3.40E+01,2.56E+02,15:14:19
1.30E+02,3.52E+01,2.56E+02,15:14:20
1.30E+02,3.64E+01,2.56E+02,15:14:21
1.30E+02,3.76E+01,2.56E+02,15:14:22
1.30E+02,3.89E+01,2.56E+02,15:14:24
1.30E+02,4.01E+01,2.56E+02,15:14:25
1.30E+02,4.13E+01,2.56E+02,15:14:26
1.30E+02,4.25E+01,2.56E+02,15:14:27
1.30E+02,4.37E+01,2.56E+02,15:14:28
1.30E+02,4.49E+01,2.56E+02,15:14:30
1.30E+02,4.61E+01,2.56E+02,15:14:31
1.30E+02,4.73E+01,2.56E+02,15:14:32
1.30E+02,4.85E+01,2.56E+02,15:14:33
1.30E+02,4.97E+01,2.56E+02,15:14:34
1.30E+02,5.09E+01,2.56E+02,15:14:36
1.30E+02,5.21E+01,2.56E+02,15:14:37
1.30E+02,5.33E+01,2.56E+02,15:14:38
1.31E+02,5.45E+01,2.56E+02,15:14:39
1.31E+02,5.57E+01,2.56E+02,15:14:40
1.31E+02,5.69E+01,2.56E+02,15:14:42
1.31E+02,5.81E+01,2.56E+02,15:14:43
1.31E+02,5.93E+01,2.56E+02,15:14:44
1.31E+02,6.05E+01,2.56E+02,15:14:45
1.31E+02,6.17E+01,2.56E+02,15:14:46
1.31E+02,6.29E+01,2.56E+02,15:14:48
1.31E+02,6.41E+01,2.56E+02,15:14:49
1.31E+02,6.53E+01,2.56E+02,15:14:50
1.31E+02,6.65E+01,2.56E+02,15:14:51
1.31E+02,6.77E+01,2.56E+02,15:14:53
1.31E+02,6.89E+01,2.56E+02,15:14:54
1.31E+02,7.01E+01,2.56E+02,15:14:55
1.31E+02,7.13E+01,2.56E+02,15:14:56
1.31E+02,7.25E+01,2.56E+02,15:14:57
1.31E+02,7.37E+01,2.56E+02,15:14:59
1.31E+02,7.49E+01,2.56E+02,15:15:00
1.31E+02,7.61E+01,2.56E+02,15:15:01
1.31E+02,7.73E+01,2.56E+02,15:15:02
1.31E+02,7.85E+01,2.56E+02,15:15:03
1.31E+02,7.97E+01,2.56E+02,15:15:05
1.31E+02,8.10E+01,2.56E+02,15:15:06
1.31E+02,8.21E+01,2.56E+02,15:15:07
1.31E+02,8.34E+01,2.56E+02,15:15:08
1.31E+02,8.45E+01,2.56E+02,15:15:09
1.31E+02,8.57E+01,2.56E+02,15:15:11
1.31E+02,8.70E+01,2.56E+02,15:15:12
1.31E+02,8.82E+01,2.56E+02,15:15:13
1.31E+02,8.94E+01,2.56E+02,15:15:14
1.31E+02,9.06E+01,2.56E+02,15:15:15
1.31E+02,9.18E+01,2.56E+02,15:15:17
1.31E+02,9.30E+01,2.56E+02,15:15:18
1.31E+02,9.42E+01,2.56E+02,15:15:19
1.31E+02,9.54E+01,2.56E+02,15:15:20
1.31E+02,9.66E+01,2.56E+02,15:15:21
1.31E+02,9.78E+01,2.56E+02,15:15:23
1.31E+02,9.90E+01,2.56E+02,15:15:24
1.31E+02,1.00E+02,2.56E+02,15:15:25
1.31E+02,1.01E+02,2.56E+02,15:15:26
1.31E+02,1.03E+02,2.56E+02,15:15:28
1.31E+02,1.04E+02,2.56E+02,15:15:29
1.31E+02,1.05E+02,2.56E+02,15:15:30
1.31E+02,1.06E+02,2.56E+02,15:15:31
1.31E+02,1.07E+02,2.56E+02,15:15:32
1.31E+02,1.09E+02,2.56E+02,15:15:34
1.31E+02,1.10E+02,2.56E+02,15:15:35
1.31E+02,1.11E+02,2.56E+02,15:15:36
1.31E+02,1.12E+02,2.56E+02,15:15:37
1.31E+02,1.13E+02,2.56E+02,15:15:38
1.31E+02,1.15E+02,2.56E+02,15:15:40
1.31E+02,1.16E+02,2.56E+02,15:15:41
1.31E+02,1.17E+02,2.56E+02,15:15:42
1.31E+02,1.18E+02,2.56E+02,15:15:43
1.31E+02,1.19E+02,2.56E+02,15:15:44
1.31E+02,1.21E+02,2.56E+02,15:15:46
1.31E+02,1.22E+02,2.56E+02,15:15:47
1.31E+02,1.23E+02,2.56E+02,15:15:48
1.31E+02,1.24E+02,2.56E+02,15:15:49
1.31E+02,1.25E+02,2.56E+02,15:15:50
1.31E+02,1.27E+02,2.56E+02,15:15:52
1.31E+02,1.28E+02,2.56E+02,15:15:53
1.31E+02,1.29E+02,2.56E+02,15:15:54
1.31E+02,1.30E+02,2.56E+02,15:15:55
1.31E+02,1.31E+02,2.56E+02,15:15:56
1.31E+02,1.33E+02,2.56E+02,15:15:58
1.31E+02,1.34E+02,2.56E+02,15:15:59
1.31E+02,1.35E+02,2.56E+02,15:16:00
1.31E+02,1.36E+02,2.56E+02,15:16:01
1.31E+02,1.37E+02,2.56E+02,15:16:02
1.31E+02,1.39E+02,2.56E+02,15:16:04
1.31E+02,1.40E+02,2.56E+02,15:16:05
1.31E+02,1.41E+02,2.56E+02,15:16:06
1.31E+02,1.42E+02,2.56E+02,15:16:07
1.32E+02,1.43E+02,2.56E+02,15:16:09
1.32E+02,1.45E+02,2.56E+02,15:16:10
1.32E+02,1.46E+02,2.56E+02,15:16:11
1.32E+02,1.47E+02,2.56E+02,15:16:12
1.32E+02,1.48E+02,2.56E+02,15:16:13
1.32E+02,1.49E+02,2.56E+02,15:16:15
1.32E+02,1.51E+02,2.56E+02,15:16:16
1.32E+02,1.52E+02,2.56E+02,15:16:17
1.32E+02,1.53E+02,2.56E+02,15:16:18
1.32E+02,1.54E+02,2.56E+02,15:16:19
1.32E+02,1.55E+02,2.56E+02,15:16:21
1.32E+02,1.57E+02,2.56E+02,15:16:22
1.32E+02,1.58E+02,2.56E+02,15:16:23
1.32E+02,1.59E+02,2.56E+02,15:16:24
1.32E+02,1.60E+02,2.56E+02,15:16:25
1.32E+02,1.61E+02,2.56E+02,15:16:27
1.32E+02,1.63E+02,2.56E+02,15:16:28
1.32E+02,1.64E+02,2.56E+02,15:16:29
1.32E+02,1.65E+02,2.56E+02,15:16:30
1.32E+02,1.66E+02,2.56E+02,15:16:31
1.32E+02,1.67E+02,2.56E+02,15:16:33
1.32E+02,1.69E+02,2.56E+02,15:16:34
1.32E+02,1.70E+02,2.56E+02,15:16:35
1.32E+02,1.71E+02,2.56E+02,15:16:36
1.32E+02,1.72E+02,2.56E+02,15:16:37
1.32E+02,1.73E+02,2.56E+02,15:16:39
1.32E+02,1.75E+02,2.56E+02,15:16:40
1.32E+02,1.76E+02,2.56E+02,15:16:41
1.32E+02,1.77E+02,2.56E+02,15:16:42
1.32E+02,1.78E+02,2.56E+02,15:16:43
1.32E+02,1.79E+02,2.56E+02,15:16:45
1.32E+02,1.81E+02,2.56E+02,15:16:46
1.32E+02,1.82E+02,2.56E+02,15:16:47
1.32E+02,1.83E+02,2.56E+02,15:16:48
1.32E+02,1.84E+02,2.56E+02,15:16:50
1.32E+02,1.86E+02,2.56E+02,15:16:51
1.32E+02,1.87E+02,2.56E+02,15:16:52
1.32E+02,1.88E+02,2.56E+02,15:16:53
1.32E+02,1.89E+02,2.56E+02,15:16:54
1.32E+02,1.90E+02,2.56E+02,15:16:56
1.32E+02,1.92E+02,2.56E+02,15:16:57
1.32E+02,1.93E+02,2.56E+02,15:16:58
1.32E+02,1.94E+02,2.56E+02,15:16:59
1.32E+02,1.95E+02,2.56E+02,15:17:01
1.32E+02,1.96E+02,2.56E+02,15:17:02
1.32E+02,1.98E+02,2.56E+02,15:17:03
1.32E+02,1.99E+02,2.56E+02,15:17:04
1.32E+02,2.00E+02,2.56E+02,15:17:05
1.32E+02,2.01E+02,2.56E+02,15:17:07
1.32E+02,2.03E+02,2.56E+02,15:17:08
1.32E+02,2.04E+02,2.56E+02,15:17:09
1.32E+02,2.05E+02,2.56E+02,15:17:10
1.32E+02,2.06E+02,2.56E+02,15:17:12
1.32E+02,2.07E+02,2.56E+02,15:17:13
1.32E+02,2.09E+02,2.56E+02,15:17:14
1.32E+02,2.10E+02,2.56E+02,15:17:15
1.32E+02,2.11E+02,2.56E+02,15:17:16
1.32E+02,2.12E+02,2.56E+02,15:17:18
1.32E+02,2.14E+02,2.56E+02,15:17:19
1.32E+02,2.15E+02,2.56E+02,15:17:20
1.32E+02,2.16E+02,2.56E+02,15:17:21
1.32E+02,2.17E+02,2.56E+02,15:17:23
1.32E+02,2.18E+02,2.56E+02,15:17:24
1.32E+02,2.20E+02,2.56E+02,15:17:25
1.32E+02,2.21E+02,2.56E+02,15:17:26
1.32E+02,2.22E+02,2.56E+02,15:17:28
1.32E+02,2.23E+02,2.56E+02,15:17:29
1.32E+02,2.25E+02,2.56E+02,15:17:30
1.32E+02,2.26E+02,2.56E+02,15:17:31
1.32E+02,2.27E+02,2.56E+02,15:17:32
1.32E+02,2.28E+02,2.56E+02,15:17:34
1.32E+02,2.29E+02,2.56E+02,15:17:35
1.32E+02,2.31E+02,2.56E+02,15:17:36
1.32E+02,2.32E+02,2.56E+02,15:17:37
1.32E+02,2.33E+02,2.56E+02,15:17:39
1.32E+02,2.34E+02,2.56E+02,15:17:40
1.32E+02,2.36E+02,2.56E+02,15:17:41
1.32E+02,2.37E+02,2.56E+02,15:17:42
1.32E+02,2.38E+02,2.56E+02,15:17:43
1.32E+02,2.39E+02,2.56E+02,15:17:45
1.32E+02,2.41E+02,2.56E+02,15:17:46
1.32E+02,2.42E+02,2.56E+02,15:17:47
1.32E+02,2.43E+02,2.56E+02,15:17:48
1.32E+02,2.44E+02,2.56E+02,15:17:50
1.32E+02,2.46E+02,2.56E+02,15:17:51
1.32E+02,2.47E+02,2.56E+02,15:17:52
1.32E+02,2.48E+02,2.56E+02,15:17:53
1.32E+02,2.49E+02,2.56E+02,15:17:55
1.32E+02,2.50E+02,2.56E+02,15:17:56
1.32E+02,2.52E+02,2.56E+02,15:17:57
1.32E+02,2.53E+02,2.56E+02,15:17:58
1.32E+02,2.54E+02,2.56E+02,15:18:00
1.32E+02,2.55E+02,2.56E+02,15:18:01
1.32E+02,2.57E+02,2.56E+02,15:18:02
1.32E+02,2.58E+02,2.56E+02,15:18:03
1.32E+02,2.59E+02,2.56E+02,15:18:05
1.32E+02,2.60E+02,2.56E+02,15:18:06
1.32E+02,2.62E+02,2.56E+02,15:18:07
1.32E+02,2.63E+02,2.56E+02,15:18:08
1.32E+02,2.64E+02,2.56E+02,15:18:10
1.32E+02,2.65E+02,2.56E+02,15:18:11
1.32E+02,2.67E+02,2.56E+02,15:18:12
1.32E+02,2.68E+02,2.56E+02,15:18:14
1.32E+02,2.69E+02,2.56E+02,15:18:15
1.32E+02,2.71E+02,2.56E+02,15:18:16
1.32E+02,2.72E+02,2.56E+02,15:18:17
1.32E+02,2.73E+02,2.56E+02,15:18:19
1.32E+02,2.74E+02,2.56E+02,15:18:20
1.33E+02,2.76E+02,2.56E+02,15:18:21
1.33E+02,2.77E+02,2.56E+02,15:18:22
1.33E+02,2.78E+02,2.56E+02,15:18:24
1.33E+02,2.79E+02,2.56E+02,15:18:25
1.33E+02,2.81E+02,2.56E+02,15:18:26
1.33E+02,2.82E+02,2.56E+02,15:18:27
1.33E+02,2.83E+02,2.56E+02,15:18:29
1.33E+02,2.84E+02,2.56E+02,15:18:30
1.33E+02,2.86E+02,2.56E+02,15:18:31
1.33E+02,2.87E+02,2.56E+02,15:18:32
1.33E+02,2.88E+02,2.56E+02,15:18:34
1.33E+02,2.89E+02,2.56E+02,15:18:35
1.33E+02,2.91E+02,2.56E+02,15:18:36
1.33E+02,2.92E+02,2.56E+02,15:18:38
1.33E+02,2.93E+02,2.56E+02,15:18:39
1.33E+02,2.94E+02,2.56E+02,15:18:40
1.33E+02,2.96E+02,2.56E+02,15:18:41
1.33E+02,2.97E+02,2.56E+02,15:18:43
1.33E+02,2.98E+02,2.56E+02,15:18:44
1.33E+02,3.00E+02,2.56E+02,15:18:45
1.33E+02,3.01E+02,2.56E+02,15:18:46
1.33E+02,3.02E+02,2.56E+02,15:18:48
1.33E+02,3.03E+02,2.56E+02,15:18:49
1.33E+02,3.05E+02,2.56E+02,15:18:50
1.33E+02,3.06E+02,2.56E+02,15:18:52
1.33E+02,3.07E+02,2.56E+02,15:18:53
1.33E+02,3.08E+02,2.56E+02,15:18:54
1.33E+02,3.10E+02,2.56E+02,15:18:55
1.33E+02,3.11E+02,2.56E+02,15:18:57
1.33E+02,3.12E+02,2.56E+02,15:18:58
1.33E+02,3.14E+02,2.56E+02,15:18:59
1.33E+02,3.15E+02,2.56E+02,15:19:01
1.33E+02,3.16E+02,2.56E+02,15:19:02
1.33E+02,3.17E+02,2.56E+02,15:19:03
1.33E+02,3.19E+02,2.56E+02,15:19:04
1.33E+02,3.20E+02,2.56E+02,15:19:06
1.33E+02,3.21E+02,2.56E+02,15:19:07
1.33E+02,3.23E+02,2.56E+02,15:19:08
1.33E+02,3.24E+02,2.56E+02,15:19:10
1.33E+02,3.25E+02,2.56E+02,15:19:11
1.33E+02,3.26E+02,2.56E+02,15:19:12
1.33E+02,3.28E+02,2.56E+02,15:19:13
1.33E+02,3.29E+02,2.56E+02,15:19:15
1.33E+02,3.30E+02,2.56E+02,15:19:16
1.33E+02,3.32E+02,2.56E+02,15:19:17
1.33E+02,3.33E+02,2.56E+02,15:19:19
1.33E+02,3.34E+02,2.56E+02,15:19:20
1.33E+02,3.36E+02,2.56E+02,15:19:21
1.33E+02,3.37E+02,2.56E+02,15:19:23
1.33E+02,3.38E+02,2.56E+02,15:19:24
1.33E+02,3.39E+02,2.56E+02,15:19:25
1.33E+02,3.41E+02,2.56E+02,15:19:26
1.33E+02,3.42E+02,2.56E+02,15:19:28
1.33E+02,3.43E+02,2.56E+02,15:19:29
1.33E+02,3.45E+02,2.56E+02,15:19:30
1.33E+02,3.46E+02,2.56E+02,15:19:32
1.33E+02,3.47E+02,2.56E+02,15:19:33
1.33E+02,3.48E+02,2.56E+02,15:19:34
1.33E+02,3.50E+02,2.56E+02,15:19:36
1.33E+02,3.51E+02,2.56E+02,15:19:37
1.33E+02,3.52E+02,2.56E+02,15:19:38
1.33E+02,3.54E+02,2.56E+02,15:19:40
1.33E+02,3.55E+02,2.56E+02,15:19:41
1.33E+02,3.56E+02,2.56E+02,15:19:42
1.33E+02,3.58E+02,2.56E+02,15:19:43
1.33E+02,3.59E+02,2.56E+02,15:19:45
1.33E+02,3.60E+02,2.56E+02,15:19:46
1.33E+02,3.62E+02,2.56E+02,15:19:47
1.33E+02,3.63E+02,2.56E+02,15:19:49
1.33E+02,3.64E+02,2.56E+02,15:19:50
1.33E+02,3.66E+02,2.56E+02,15:19:51
1.33E+02,3.67E+02,2.56E+02,15:19:53
1.33E+02,3.68E+02,2.56E+02,15:19:54
1.33E+02,3.69E+02,2.56E+02,15:19:55
1.33E+02,3.71E+02,2.56E+02,15:19:57
1.33E+02,3.72E+02,2.56E+02,15:19:58
1.33E+02,3.73E+02,2.56E+02,15:19:59
1.33E+02,3.75E+02,2.56E+02,15:20:01
1.33E+02,3.76E+02,2.56E+02,15:20:02
1.33E+02,3.77E+02,2.56E+02,15:20:03
1.33E+02,3.79E+02,2.56E+02,15:20:05
1.33E+02,3.80E+02,2.56E+02,15:20:06
1.33E+02,3.81E+02,2.56E+02,15:20:07
1.33E+02,3.83E+02,2.56E+02,15:20:09
1.33E+02,3.84E+02,2.56E+02,15:20:10
1.33E+02,3.85E+02,2.56E+02,15:20:11
1.33E+02,3.87E+02,2.56E+02,15:20:13
1.33E+02,3.88E+02,2.56E+02,15:20:14
1.33E+02,3.89E+02,2.56E+02,15:20:15
1.33E+02,3.91E+02,2.56E+02,15:20:17
1.33E+02,3.92E+02,2.56E+02,15:20:18
1.33E+02,3.93E+02,2.56E+02,15:20:19
1.33E+02,3.95E+02,2.56E+02,15:20:21
1.33E+02,3.96E+02,2.56E+02,15:20:22
1.33E+02,3.97E+02,2.56E+02,15:20:23
1.33E+02,3.99E+02,2.56E+02,15:20:24
1.33E+02,4.00E+02,2.56E+02,15:20:26
1.33E+02,4.01E+02,2.56E+02,15:20:27
1.33E+02,4.02E+02,2.56E+02,15:20:28
1.33E+02,4.04E+02,2.56E+02,15:20:30
1.33E+02,4.05E+02,2.56E+02,15:20:31
1.33E+02,4.06E+02,2.56E+02,15:20:32
1.33E+02,4.08E+02,2.56E+02,15:20:34
1.33E+02,4.09E+02,2.56E+02,15:20:35
1.33E+02,4.10E+02,2.56E+02,15:20:36
1.33E+02,4.12E+02,2.56E+02,15:20:38
1.33E+02,4.13E+02,2.56E+02,15:20:39
1.33E+02,4.14E+02,2.56E+02,15:20:40
1.33E+02,4.16E+02,2.56E+02,15:20:42
1.33E+02,4.17E+02,2.56E+02,15:20:43
1.33E+02,4.19E+02,2.56E+02,15:20:45
1.33E+02,4.20E+02,2.56E+02,15:20:46
1.33E+02,4.21E+02,2.56E+02,15:20:47
1.33E+02,4.23E+02,2.56E+02,15:20:49
1.33E+02,4.24E+02,2.56E+02,15:20:50
1.33E+02,4.25E+02,2.56E+02,15:20:51
1.33E+02,4.27E+02,2.56E+02,15:20:53
1.33E+02,4.28E+02,2.56E+02,15:20:54
1.33E+02,4.29E+02,2.56E+02,15:20:55
1.33E+02,4.31E+02,2.56E+02,15:20:57
1.33E+02,4.32E+02,2.56E+02,15:20:58
1.33E+02,4.33E+02,2.56E+02,15:20:59
1.33E+02,4.35E+02,2.56E+02,15:21:01
1.33E+02,4.36E+02,2.56E+02,15:21:02
1.33E+02,4.37E+02,2.56E+02,15:21:03
1.33E+02,4.39E+02,2.56E+02,15:21:05
1.33E+02,4.40E+02,2.56E+02,15:21:06
1.33E+02,4.41E+02,2.56E+02,15:21:07
1.33E+02,4.43E+02,2.56E+02,15:21:09
1.33E+02,4.44E+02,2.56E+02,15:21:10
1.33E+02,4.45E+02,2.56E+02,15:21:12
1.33E+02,4.47E+02,2.56E+02,15:21:13
1.33E+02,4.48E+02,2.56E+02,15:21:14
1.33E+02,4.50E+02,2.56E+02,15:21:16
1.33E+02,4.51E+02,2.56E+02,15:21:17
1.33E+02,4.52E+02,2.56E+02,15:21:18
1.33E+02,4.54E+02,2.56E+02,15:21:20
1.33E+02,4.55E+02,2.56E+02,15:21:21
1.33E+02,4.56E+02,2.56E+02,15:21:23
1.33E+02,4.58E+02,2.56E+02,15:21:24
1.33E+02,4.59E+02,2.56E+02,15:21:25
1.33E+02,4.61E+02,2.56E+02,15:21:27
1.33E+02,4.62E+02,2.56E+02,15:21:28
1.33E+02,4.63E+02,2.56E+02,15:21:29
1.33E+02,4.65E+02,2.56E+02,15:21:31
1.33E+02,4.66E+02,2.56E+02,15:21:32
1.33E+02,4.67E+02,2.56E+02,15:21:34
1.33E+02,4.69E+02,2.56E+02,15:21:35
1.33E+02,4.70E+02,2.56E+02,15:21:36
1.33E+02,4.72E+02,2.56E+02,15:21:38
1.33E+02,4.73E+02,2.56E+02,15:21:39
1.33E+02,4.74E+02,2.56E+02,15:21:41
1.33E+02,4.76E+02,2.56E+02,15:21:42
1.33E+02,4.77E+02,2.56E+02,15:21:43
1.33E+02,4.79E+02,2.56E+02,15:21:45
1.33E+02,4.80E+02,2.56E+02,15:21:46
1.33E+02,4.81E+02,2.56E+02,15:21:48
1.33E+02,4.83E+02,2.56E+02,15:21:49
1.33E+02,4.84E+02,2.56E+02,15:21:50
1.33E+02,4.86E+02,2.56E+02,15:21:52
1.33E+02,4.87E+02,2.56E+02,15:21:53
1.33E+02,4.88E+02,2.56E+02,15:21:55
1.33E+02,4.90E+02,2.56E+02,15:21:56
1.34E+02,4.91E+02,2.56E+02,15:21:57
1.34E+02,4.93E+02,2.56E+02,15:21:59
1.34E+02,4.94E+02,2.56E+02,15:22:00
1.34E+02,4.95E+02,2.56E+02,15:22:02
1.34E+02,4.97E+02,2.56E+02,15:22:03
1.34E+02,4.98E+02,2.56E+02,15:22:05
1.34E+02,5.00E+02,2.56E+02,15:22:06
1.34E+02,5.01E+02,2.56E+02,15:22:07
1.34E+02,5.03E+02,2.56E+02,15:22:09
1.34E+02,5.04E+02,2.56E+02,15:22:10
1.34E+02,5.05E+02,2.56E+02,15:22:12
1.34E+02,5.07E+02,2.56E+02,15:22:13
1.34E+02,5.08E+02,2.56E+02,15:22:14
1.34E+02,5.09E+02,2.56E+02,15:22:16
1.34E+02,5.11E+02,2.56E+02,15:22:17
1.34E+02,5.12E+02,2.56E+02,15:22:19
1.34E+02,5.14E+02,2.56E+02,15:22:20
1.34E+02,5.15E+02,2.56E+02,15:22:21
1.34E+02,5.16E+02,2.56E+02,15:22:23
1.34E+02,5.18E+02,2.56E+02,15:22:24
1.34E+02,5.19E+02,2.56E+02,15:22:26
1.34E+02,5.21E+02,2.56E+02,15:22:27
1.34E+02,5.22E+02,2.56E+02,15:22:28
1.34E+02,5.24E+02,2.56E+02,15:22:30
1.34E+02,5.25E+02,2.56E+02,15:22:31
1.34E+02,5.26E+02,2.56E+02,15:22:33
1.34E+02,5.28E+02,2.56E+02,15:22:34
1.34E+02,5.29E+02,2.56E+02,15:22:36
1.34E+02,5.31E+02,2.56E+02,15:22:37
1.34E+02,5.32E+02,2.56E+02,15:22:38
1.34E+02,5.33E+02,2.56E+02,15:22:40
1.34E+02,5.35E+02,2.56E+02,15:22:41
1.34E+02,5.36E+02,2.56E+02,15:22:43
1.34E+02,5.38E+02,2.56E+02,15:22:44
1.34E+02,5.39E+02,2.56E+02,15:22:45
1.34E+02,5.40E+02,2.56E+02,15:22:47
1.34E+02,5.42E+02,2.56E+02,15:22:48
1.34E+02,5.43E+02,2.56E+02,15:22:50
1.34E+02,5.45E+02,2.56E+02,15:22:51
1.34E+02,5.46E+02,2.56E+02,15:22:53
1.34E+02,5.48E+02,2.56E+02,15:22:54
1.34E+02,5.49E+02,2.56E+02,15:22:55
1.34E+02,5.50E+02,2.56E+02,15:22:57
1.34E+02,5.52E+02,2.56E+02,15:22:58
1.34E+02,5.53E+02,2.56E+02,15:23:00
1.34E+02,5.55E+02,2.56E+02,15:23:01
1.34E+02,5.56E+02,2.56E+02,15:23:03
1.34E+02,5.58E+02,2.56E+02,15:23:04
1.34E+02,5.59E+02,2.56E+02,15:23:06
1.34E+02,5.61E+02,2.56E+02,15:23:07
1.34E+02,5.62E+02,2.56E+02,15:23:09
1.34E+02,5.63E+02,2.56E+02,15:23:10
1.34E+02,5.65E+02,2.56E+02,15:23:11
1.34E+02,5.66E+02,2.56E+02,15:23:13
1.34E+02,5.68E+02,2.56E+02,15:23:14
1.34E+02,5.69E+02,2.56E+02,15:23:16
1.34E+02,5.71E+02,2.56E+02,15:23:17
1.34E+02,5.72E+02,2.56E+02,15:23:19
1.34E+02,5.74E+02,2.56E+02,15:23:20
1.34E+02,5.75E+02,2.56E+02,15:23:22
1.34E+02,5.77E+02,2.56E+02,15:23:23
1.34E+02,5.78E+02,2.56E+02,15:23:24
1.34E+02,5.79E+02,2.56E+02,15:23:26
1.34E+02,5.81E+02,2.56E+02,15:23:27
1.34E+02,5.82E+02,2.56E+02,15:23:29
1.34E+02,5.84E+02,2.56E+02,15:23:30
1.34E+02,5.85E+02,2.56E+02,15:23:32
1.34E+02,5.87E+02,2.56E+02,15:23:33
1.34E+02,5.88E+02,2.56E+02,15:23:35
1.34E+02,5.90E+02,2.56E+02,15:23:36
1.34E+02,5.91E+02,2.56E+02,15:23:38
1.34E+02,5.93E+02,2.56E+02,15:23:39
1.34E+02,5.94E+02,2.56E+02,15:23:41
1.34E+02,5.96E+02,2.56E+02,15:23:42
1.34E+02,5.97E+02,2.56E+02,15:23:44
1.34E+02,5.99E+02,2.56E+02,15:23:45
1.35E+02,6.00E+02,2.56E+02,15:23:47
1.35E+02,6.02E+02,2.56E+02,15:23:48
1.35E+02,6.03E+02,2.56E+02,15:23:50
1.35E+02,6.04E+02,2.56E+02,15:23:51
1.35E+02,6.06E+02,2.56E+02,15:23:53
1.35E+02,6.07E+02,2.56E+02,15:23:54
1.35E+02,6.09E+02,2.56E+02,15:23:56
1.35E+02,6.10E+02,2.56E+02,15:23:57
1.35E+02,6.12E+02,2.56E+02,15:23:59
1.35E+02,6.13E+02,2.56E+02,15:24:00
1.35E+02,6.15E+02,2.56E+02,15:24:02
1.35E+02,6.17E+02,2.56E+02,15:24:03
1.35E+02,6.18E+02,2.56E+02,15:24:05
1.35E+02,6.20E+02,2.56E+02,15:24:06
1.35E+02,6.21E+02,2.56E+02,15:24:08
1.35E+02,6.23E+02,2.56E+02,15:24:09
1.35E+02,6.24E+02,2.56E+02,15:24:11
1.35E+02,6.26E+02,2.56E+02,15:24:12
1.35E+02,6.27E+02,2.56E+02,15:24:14
1.35E+02,6.29E+02,2.56E+02,15:24:15
1.35E+02,6.30E+02,2.56E+02,15:24:17
1.35E+02,6.32E+02,2.56E+02,15:24:18
1.35E+02,6.33E+02,2.56E+02,15:24:20
1.35E+02,6.35E+02,2.56E+02,15:24:21
1.35E+02,6.36E+02,2.56E+02,15:24:23
1.35E+02,6.38E+02,2.56E+02,15:24:25
1.35E+02,6.39E+02,2.56E+02,15:24:26
1.35E+02,6.41E+02,2.56E+02,15:24:28
1.35E+02,6.42E+02,2.56E+02,15:24:29
1.35E+02,6.44E+02,2.56E+02,15:24:31
1.35E+02,6.45E+02,2.56E+02,15:24:32
1.35E+02,6.47E+02,2.56E+02,15:24:34
1.35E+02,6.49E+02,2.56E+02,15:24:35
1.35E+02,6.50E+02,2.56E+02,15:24:37
1.35E+02,6.52E+02,2.56E+02,15:24:38
1.35E+02,6.53E+02,2.56E+02,15:24:40
1.35E+02,6.55E+02,2.56E+02,15:24:42
1.35E+02,6.56E+02,2.56E+02,15:24:43
1.35E+02,6.58E+02,2.56E+02,15:24:45
1.35E+02,6.59E+02,2.56E+02,15:24:46
1.35E+02,6.61E+02,2.56E+02,15:24:48
1.35E+02,6.63E+02,2.56E+02,15:24:49
1.35E+02,6.64E+02,2.56E+02,15:24:51
1.35E+02,6.66E+02,2.56E+02,15:24:52
1.35E+02,6.67E+02,2.56E+02,15:24:54
1.35E+02,6.69E+02,2.56E+02,15:24:56
1.35E+02,6.70E+02,2.56E+02,15:24:57
1.35E+02,6.72E+02,2.56E+02,15:24:59
1.35E+02,6.74E+02,2.56E+02,15:25:00
1.35E+02,6.75E+02,2.56E+02,15:25:02
1.35E+02,6.77E+02,2.56E+02,15:25:04
1.35E+02,6.78E+02,2.56E+02,15:25:05
1.35E+02,6.80E+02,2.56E+02,15:25:07
1.35E+02,6.81E+02,2.56E+02,15:25:08
1.35E+02,6.83E+02,2.56E+02,15:25:10
1.35E+02,6.85E+02,2.56E+02,15:25:11
1.35E+02,6.86E+02,2.56E+02,15:25:13
1.35E+02,6.88E+02,2.56E+02,15:25:15
1.35E+02,6.89E+02,2.56E+02,15:25:16
1.35E+02,6.91E+02,2.56E+02,15:25:18
1.35E+02,6.93E+02,2.56E+02,15:25:19
1.35E+02,6.94E+02,2.56E+02,15:25:21
1.35E+02,6.96E+02,2.56E+02,15:25:23
1.35E+02,6.97E+02,2.56E+02,15:25:24
1.35E+02,6.99E+02,2.56E+02,15:25:26
1.35E+02,7.01E+02,2.56E+02,15:25:28
1.35E+02,7.02E+02,2.56E+02,15:25:29
1.35E+02,7.04E+02,2.56E+02,15:25:31
1.35E+02,7.06E+02,2.56E+02,15:25:32
1.35E+02,7.07E+02,2.56E+02,15:25:34
1.35E+02,7.09E+02,2.56E+02,15:25:36
1.35E+02,7.10E+02,2.56E+02,15:25:37
1.35E+02,7.12E+02,2.56E+02,15:25:39
1.35E+02,7.14E+02,2.56E+02,15:25:41
1.35E+02,7.15E+02,2.56E+02,15:25:42
1.35E+02,7.17E+02,2.56E+02,15:25:44
1.35E+02,7.19E+02,2.56E+02,15:25:45
1.35E+02,7.20E+02,2.56E+02,15:25:47
1.35E+02,7.22E+02,2.56E+02,15:25:49
1.35E+02,7.23E+02,2.56E+02,15:25:50
1.35E+02,7.25E+02,2.56E+02,15:25:52
1.35E+02,7.27E+02,2.56E+02,15:25:54
1.35E+02,7.28E+02,2.56E+02,15:25:55
1.35E+02,7.30E+02,2.56E+02,15:25:57
1.35E+02,7.32E+02,2.56E+02,15:25:59
1.35E+02,7.33E+02,2.56E+02,15:26:00
1.35E+02,7.35E+02,2.56E+02,15:26:02
1.35E+02,7.37E+02,2.56E+02,15:26:04
1.35E+02,7.38E+02,2.56E+02,15:26:05
1.35E+02,7.40E+02,2.56E+02,15:26:07
1.35E+02,7.41E+02,2.56E+02,15:26:08
1.35E+02,7.43E+02,2.56E+02,15:26:10
1.35E+02,7.45E+02,2.56E+02,15:26:12
1.35E+02,7.46E+02,2.56E+02,15:26:14
1.35E+02,7.48E+02,2.56E+02,15:26:15
1.35E+02,7.50E+02,2.56E+02,15:26:17
1.35E+02,7.51E+02,2.56E+02,15:26:18
1.35E+02,7.53E+02,2.56E+02,15:26:20
1.35E+02,7.55E+02,2.56E+02,15:26:22
1.35E+02,7.56E+02,2.56E+02,15:26:24
1.35E+02,7.58E+02,2.56E+02,15:26:25
1.35E+02,7.60E+02,2.56E+02,15:26:27
1.35E+02,7.61E+02,2.56E+02,15:26:29
1.35E+02,7.63E+02,2.56E+02,15:26:30
1.36E+02,7.65E+02,2.56E+02,15:26:32
1.35E+02,7.67E+02,2.56E+02,15:26:34
1.36E+02,7.68E+02,2.56E+02,15:26:35
1.36E+02,7.70E+02,2.56E+02,15:26:37
1.36E+02,7.72E+02,2.56E+02,15:26:39
1.36E+02,7.73E+02,2.56E+02,15:26:40
1.36E+02,7.75E+02,2.56E+02,15:26:42
1.36E+02,7.77E+02,2.56E+02,15:26:44
1.36E+02,7.78E+02,2.56E+02,15:26:45
1.36E+02,7.80E+02,2.56E+02,15:26:47
1.36E+02,7.82E+02,2.56E+02,15:26:49
1.36E+02,7.83E+02,2.56E+02,15:26:51
1.36E+02,7.85E+02,2.56E+02,15:26:52
1.36E+02,7.87E+02,2.56E+02,15:26:54
1.36E+02,7.89E+02,2.56E+02,15:26:56
1.36E+02,7.90E+02,2.56E+02,15:26:57
1.36E+02,7.92E+02,2.56E+02,15:26:59
1.36E+02,7.94E+02,2.56E+02,15:27:01
1.36E+02,7.95E+02,2.56E+02,15:27:03
1.36E+02,7.97E+02,2.56E+02,15:27:04
1.36E+02,7.99E+02,2.56E+02,15:27:06
1.36E+02,8.00E+02,2.56E+02,15:27:08
1.36E+02,8.02E+02,2.56E+02,15:27:09
1.36E+02,8.04E+02,2.56E+02,15:27:11
1.36E+02,8.06E+02,2.56E+02,15:27:13
1.36E+02,8.07E+02,2.56E+02,15:27:15
1.36E+02,8.09E+02,2.56E+02,15:27:16
1.36E+02,8.11E+02,2.56E+02,15:27:18
1.36E+02,8.13E+02,2.56E+02,15:27:20
1.36E+02,8.14E+02,2.56E+02,15:27:21
1.36E+02,8.16E+02,2.56E+02,15:27:23
1.36E+02,8.18E+02,2.56E+02,15:27:25
1.36E+02,8.19E+02,2.56E+02,15:27:27
1.36E+02,8.21E+02,2.56E+02,15:27:28
1.36E+02,8.23E+02,2.56E+02,15:27:30
1.36E+02,8.25E+02,2.56E+02,15:27:32
1.36E+02,8.26E+02,2.56E+02,15:27:34
1.36E+02,8.28E+02,2.56E+02,15:27:35
1.36E+02,8.30E+02,2.56E+02,15:27:37
1.36E+02,8.32E+02,2.56E+02,15:27:39
1.36E+02,8.33E+02,2.56E+02,15:27:41
1.36E+02,8.35E+02,2.56E+02,15:27:42
1.36E+02,8.37E+02,2.56E+02,15:27:44
1.36E+02,8.39E+02,2.56E+02,15:27:46
1.36E+02,8.40E+02,2.56E+02,15:27:48
1.36E+02,8.42E+02,2.56E+02,15:27:49
1.36E+02,8.44E+02,2.56E+02,15:27:51
1.36E+02,8.46E+02,2.56E+02,15:27:53
1.36E+02,8.47E+02,2.56E+02,15:27:55
1.36E+02,8.49E+02,2.56E+02,15:27:57
1.36E+02,8.51E+02,2.56E+02,15:27:58
1.36E+02,8.53E+02,2.56E+02,15:28:00
1.36E+02,8.55E+02,2.56E+02,15:28:02
1.36E+02,8.56E+02,2.56E+02,15:28:04
1.36E+02,8.58E+02,2.56E+02,15:28:05
1.36E+02,8.60E+02,2.56E+02,15:28:07
1.36E+02,8.62E+02,2.56E+02,15:28:09
1.36E+02,8.63E+02,2.56E+02,15:28:11
1.36E+02,8.65E+02,2.56E+02,15:28:13
1.36E+02,8.67E+02,2.56E+02,15:28:14
1.36E+02,8.69E+02,2.56E+02,15:28:16
1.36E+02,8.71E+02,2.56E+02,15:28:18
1.36E+02,8.72E+02,2.56E+02,15:28:20
1.36E+02,8.74E+02,2.56E+02,15:28:22
1.36E+02,8.76E+02,2.56E+02,15:28:23
1.36E+02,8.78E+02,2.56E+02,15:28:25
1.36E+02,8.80E+02,2.56E+02,15:28:27
1.36E+02,8.81E+02,2.56E+02,15:28:29
1.36E+02,8.83E+02,2.56E+02,15:28:31
1.36E+02,8.85E+02,2.56E+02,15:28:32
1.36E+02,8.87E+02,2.56E+02,15:28:34
1.36E+02,8.89E+02,2.56E+02,15:28:36
1.36E+02,8.90E+02,2.56E+02,15:28:38
1.36E+02,8.92E+02,2.56E+02,15:28:40
1.36E+02,8.94E+02,2.56E+02,15:28:41
1.36E+02,8.96E+02,2.56E+02,15:28:43
1.36E+02,8.98E+02,2.56E+02,15:28:45
1.36E+02,8.99E+02,2.56E+02,15:28:47
1.36E+02,9.01E+02,2.56E+02,15:28:49
1.36E+02,9.03E+02,2.56E+02,15:28:51
1.36E+02,9.05E+02,2.56E+02,15:28:52
1.36E+02,9.07E+02,2.56E+02,15:28:54
1.36E+02,9.09E+02,2.56E+02,15:28:56
1.36E+02,9.10E+02,2.56E+02,15:28:58
1.36E+02,9.12E+02,2.56E+02,15:29:00
1.36E+02,9.14E+02,2.56E+02,15:29:02
1.36E+02,9.16E+02,2.56E+02,15:29:03
1.36E+02,9.18E+02,2.56E+02,15:29:05
1.36E+02,9.20E+02,2.56E+02,15:29:07
1.36E+02,9.21E+02,2.56E+02,15:29:09
1.36E+02,9.23E+02,2.56E+02,15:29:11
1.36E+02,9.25E+02,2.56E+02,15:29:13
1.36E+02,9.27E+02,2.56E+02,15:29:14
1.36E+02,9.29E+02,2.56E+02,15:29:16
1.36E+02,9.31E+02,2.56E+02,15:29:18
1.36E+02,9.33E+02,2.56E+02,15:29:20
1.36E+02,9.34E+02,2.56E+02,15:29:22
1.36E+02,9.36E+02,2.56E+02,15:29:24
1.36E+02,9.38E+02,2.56E+02,15:29:26
1.36E+02,9.40E+02,2.56E+02,15:29:28
1.36E+02,9.42E+02,2.56E+02,15:29:29
1.36E+02,9.44E+02,2.56E+02,15:29:31
1.36E+02,9.46E+02,2.56E+02,15:29:33
1.36E+02,9.47E+02,2.56E+02,15:29:35
1.36E+02,9.49E+02,2.56E+02,15:29:37
1.36E+02,9.51E+02,2.56E+02,15:29:39
1.36E+02,9.53E+02,2.56E+02,15:29:41
1.36E+02,9.55E+02,2.56E+02,15:29:42
1.36E+02,9.57E+02,2.56E+02,15:29:44
1.36E+02,9.59E+02,2.56E+02,15:29:46
1.36E+02,9.61E+02,2.56E+02,15:29:48
1.36E+02,9.62E+02,2.56E+02,15:29:50
1.36E+02,9.64E+02,2.56E+02,15:29:52
1.36E+02,9.66E+02,2.56E+02,15:29:54
1.36E+02,9.68E+02,2.56E+02,15:29:56
1.36E+02,9.70E+02,2.56E+02,15:29:58
1.36E+02,9.72E+02,2.56E+02,15:30:00
1.36E+02,9.74E+02,2.56E+02,15:30:01
1.36E+02,9.76E+02,2.56E+02,15:30:03
1.36E+02,9.78E+02,2.56E+02,15:30:05
1.36E+02,9.79E+02,2.56E+02,15:30:07
1.36E+02,9.81E+02,2.56E+02,15:30:09
1.36E+02,9.83E+02,2.56E+02,15:30:11
1.36E+02,9.85E+02,2.56E+02,15:30:13
1.36E+02,9.87E+02,2.56E+02,15:30:15
1.36E+02,9.89E+02,2.56E+02,15:30:17
1.36E+02,9.91E+02,2.56E+02,15:30:19
1.36E+02,9.93E+02,2.56E+02,15:30:21
1.36E+02,9.95E+02,2.56E+02,15:30:22
1.36E+02,9.97E+02,2.56E+02,15:30:24
1.36E+02,9.99E+02,2.56E+02,15:30:26
1.36E+02,1.00E+03,2.56E+02,15:30:28
1.36E+02,1.00E+03,2.56E+02,15:30:30
1.36E+02,1.00E+03,2.56E+02,15:30:32
1.36E+02,1.01E+03,2.56E+02,15:30:34
1.36E+02,1.01E+03,2.56E+02,15:30:36
1.36E+02,1.01E+03,2.56E+02,15:30:38
1.36E+02,1.01E+03,2.56E+02,15:30:40
1.36E+02,1.01E+03,2.56E+02,15:30:42
1.36E+02,1.02E+03,2.56E+02,15:30:44
1.36E+02,1.02E+03,2.56E+02,15:30:46
1.36E+02,1.02E+03,2.56E+02,15:30:48
1.36E+02,1.02E+03,2.56E+02,15:30:50
1.36E+02,1.02E+03,2.56E+02,15:30:52
1.36E+02,1.03E+03,2.56E+02,15:30:54
1.36E+02,1.03E+03,2.56E+02,15:30:56
1.36E+02,1.03E+03,2.56E+02,15:30:57
1.36E+02,1.03E+03,2.56E+02,15:30:59
1.36E+02,1.03E+03,2.56E+02,15:31:01
1.36E+02,1.04E+03,2.56E+02,15:31:03
1.37E+02,1.04E+03,2.56E+02,15:31:05
1.37E+02,1.04E+03,2.56E+02,15:31:07
1.37E+02,1.04E+03,2.56E+02,15:31:09
1.37E+02,1.04E+03,2.56E+02,15:31:11
1.37E+02,1.05E+03,2.56E+02,15:31:13
1.37E+02,1.05E+03,2.56E+02,15:31:15
1.37E+02,1.05E+03,2.56E+02,15:31:17
1.37E+02,1.05E+03,2.56E+02,15:31:19
1.37E+02,1.05E+03,2.56E+02,15:31:21
1.37E+02,1.06E+03,2.56E+02,15:31:23
1.37E+02,1.06E+03,2.56E+02,15:31:25
1.37E+02,1.06E+03,2.56E+02,15:31:27
1.37E+02,1.06E+03,2.56E+02,15:31:29
1.37E+02,1.06E+03,2.56E+02,15:31:31
1.37E+02,1.07E+03,2.56E+02,15:31:33
1.37E+02,1.07E+03,2.56E+02,15:31:35
1.37E+02,1.07E+03,2.56E+02,15:31:37
1.37E+02,1.07E+03,2.56E+02,15:31:39
1.37E+02,1.07E+03,2.56E+02,15:31:41
1.37E+02,1.08E+03,2.56E+02,15:31:43
